"Cluster number";"tweet";"frequency"
"1";"#Demonetization Conference at #JindalGlobalBusinessSchool #JGBS discusses societal and economic impacthttps:tcoEaAX6fJLvh";"1"
"1";"#Demonetization Conference at #JindalGlobalBusinessSchool #JGBS discusses societal and economic impact¸æçì†º https:tcoHWk4QIVB2k";"1"
"1";"Impact of #Demonetization on payments at supermarkets and hypermarkets owned by Future Retail https:tcoetjYaILgmM";"1"
"1";"RT @KaranArora: Impact of #Demonetization on payments at supermarkets and hypermarkets owned by Future Retail https:tcoetjYaILgmM";"1"
"1";"We suspect that the positive economic impact of demonetization is going to be far more overwhelming than the political or electoral impact!";"1"
"1";"Demonetization Conference at Jindal Global Business School JGBS discusses societal and economic impact¸æçì†º https:tco2ApuSCemgr";"1"
"1";"#Demonetizations Impact On the #India #Retail sector ReTales by Pankaj Renjhen | ET Retail https:tcoaVcYTIhdtH";"1"
"1";"RT @JLLIndia: #Demonetizations Impact On the #India #Retail sector ReTales by Pankaj Renjhen | ET Retail https:tcoaVcYTIhdtH";"2"
"1";"@NITIAayog vicechairman hopes for positive #GDP growth in near future after #demonetization adds speed bump to im¸æçì†º https:tcoNjZIkPb4BF";"1"
"1";"5Forty3: We suspect that the positive economic impact of demonetization is going to be far more overwhelming than the political or electoraÖ";"1"
"1";"RT @godavar: Strange that while everyone from the PM down is touting #demonetization and #digitization my own digital experience is going¸æçì†º";"2"
"1";"RT @616476fbde873af: My experience during this #demonetization edit #WalnutApp #MobiKwikHaiNa https:tcov7JRsyOiAg";"1"
"1";"#news #summary: #impact of #demonetization: improving #india¸æå£§ºs #services #pmi https:tcoedQtIa36BK";"1"
"1";"The shortterm impact of #demonetization on stock broking &amp; insurance is Negative but positive in the long term¸æçì†º https:tcoy0NfGl2WjJ";"1"
"1";"Strange that while everyone from the PM down is touting #demonetization and #digitization my own digital experience is going off the rails!";"1"
"1";"RT @5Forty3: We suspect that the positive economic impact of demonetization is going to be far more overwhelming than the political or elecÖ";"97"
"1";"In #India Demonetization leads to more digital #payments muses #SanFrancisco #Fed @sffedhttps:tco7lKuvVscA0";"1"
"1";"RT @cubishopcom: Future #Retail gains steam as Kishore Biyani rides #demonetization https:tco4iMrhOris8 #onlinebusiness #shopping https¸æçì†º";"1"
"1";"RT @sffed: #Demonetization is catalyzing digital #payments growth in #India https:tcofYBDNtv8MO #SFFedAsiaProgram https:tco0gbkajY¸æçì†º";"3"
"1";"RT @sffed: #Demonetization is catalyzing digital payments growth in #India https:tcozCfH075uuP #SFFedAsiaProgram https:tcor7se1fklM5";"1"
"1";"Demonetization to adversely affect Keralas economic growth: Thomas Isaac#Demonetization #Kerala https:tco0j1HffjR0q";"1"
"1";"Demonetization to adversely affect Keralas economic growth: Thomas Isaac#Demonetization #Kerala https:tcoNk72cr8Iec";"1"
"1";"#Impact of #Demonetization on various #AssetClasses in #India https:tcotuSLvddVPT";"1"
"1";"A positive story for #demonetization https:tcodm4Jm6oaLE";"1"
"1";"#Demonetization lead to a swift deployment of digital payments technology &amp; will have positive impact :@WorldBank https:tcoGbb3zV1N1V";"1"
"1";"#Demonetization lead to a swift deployment of digital payments technology &amp; will have positive impact :@WorldBank https:tcoWFTJtcXjh1";"1"
"1";"RT @Dmonetisation: #Demonetization lead to a swift deployment of digital payments technology &amp; will have positive impact :@WorldBank https¸æçì†º";"1"
"1";"RT @Shr3yanshS: Why #demonetization was needed and its overall impact https:tcorjQU4LQ2UIFrom some1 who knows what he is talking abo¸æçì†º";"3"
"1";"RT @siri_notsiri: Spoke about #demonetization in #India and its impact on #women with @MarcoWerman @pritheworld https:tcoEYJfem34nO";"1"
"1";"Spoke about #demonetization in #India and its impact on #women with @MarcoWerman @pritheworld https:tcoEYJfem34nO";"1"
"1";"#Demonetization is catalyzing digital #payments growth in #India https:tcofYBDNtv8MO #SFFedAsiaProgram https:tco0gbkajYeGG";"1"
"1";"RT @JLLIndia: #Demonetization¸æå£§ºs Impact On #Indian #Retailhttps:tconDxQ8QSVvk https:tcoTEMrQtcsEz";"1"
"1";"RT @SecretaryMEITY: #Demonetization lead to a swift deployment of digital payments technology &amp; will have positive impact :@WorldBank http¸æçì†º";"41"
"1";"#Demonetization has already started acting as a catalyst for Digital revolution and with it the digital https:tcoey7EbTC7uH";"1"
"1";"#news #summary: #world #bank backs #demonetization says #note #ban will have positive #impact in long #te https:tcodwsgEZpDCo";"1"
"1";"#news #summary: #world #bank backs #demonetization says #note #ban will have positive #impact in long #te https:tcoN2VTIPonnS";"1"
"1";"#news #summary: #world #bank backs #demonetization says #note #ban will have positive #impact in long #te https:tcoT6LjMegfWI";"1"
"1";"#news #summary: #world #bank backs #demonetization says #note #ban will have positive #impact in long #te https:tcoWJM4LFANaK";"1"
"1";"@Atulk66 Economic Analysis of demonetization: https:tcoJDAch3FN71";"1"
"1";"RT @dravirmani: @Atulk66 Economic Analysis of demonetization: https:tcoJDAch3FN71";"1"
"1";"RT @moneycontrolcom: Note ban will have positive impact in long term: @WorldBank https:tcoFSSAXAsnNl #demonetization https:tcoqRUAS¸æçì†º";"4"
"1";"Abhishek Lodha MD #LodhaGroup shares his views on the impact of #demonetization on #realestate via @CNBCTV18News https:tco525r1e6tEC";"1"
"1";"RT @rsprasad: Digital Payments initiative after demonetization designed to reduce usage of cash and strengthen the footprint of Digital Ec¸æçì†º";"2"
"1";"@suryanavin MD ItzCash was live on ET talking about the impact of #Demonetization towards digitization in Indiahttps:tcoB0rYYBkL2J";"1"
"1";"Note ban will have positive impact in long term: @WorldBank https:tcoFSSAXAsnNl #demonetization https:tcoqRUASfAIFD";"1"
"1";"The latest The Demonetization Daily! https:tcoD82oM5bnJM Thanks to @datamktgres @VincentDjen #india #technology";"1"
"1";"23 folds increase in digital transaction after demonetization! @rsprasad @narendramodi Thanks! https:tcoZv3IXyLhCi via @postcard_news";"1"
"1";"Lower interest rate will ultimately lead to more buyers because of #LowerEMI #HappyHomes #Demonetization https:tcoA6LmfiVsXB";"1"
"1";"RT @Tata_ValueHomes: Lower interest rate will ultimately lead to more buyers because of #LowerEMI #HappyHomes #Demonetization https:tco¸æçì†º";"1"
"1";"RT @ItzCash: @suryanavin MD ItzCash was live on ET talking about the impact of #Demonetization towards digitization in Indiahttps:tc¸æçì†º";"5"
"1";"A very positive development! Better than #demonetization https:tcobKEKe2djCV";"1"
"1";"RT Dmonetisation: #Demonetization lead to a swift deployment of digital payments technology &amp; will have positive i¸æçì†º https:tcoh4o9704NtD";"1"
"1";"How will #demonetization Impact India¸æå£§ºs #GDPKnow more: https:tcoofvlikg9jy#currency https:tcodDD4tFaFhM";"1"
"1";"#Demonetization Positive Effect: Cigarette Sales Slashed To Almost Half After Demonetization:Report @deepparihar @Tabassumzia @AshSharma1102";"1"
"1";"RT @HP_Journo: #Demonetization Positive Effect: Cigarette Sales Slashed To Almost Half After Demonetization:Report @deepparihar @TabassumziÖ";"1"
"1";"#Demonetization Fallout ¸æç≥§º Future Cars Will Be Fitted With Digital Identity Tags https:tcopfETKd7jqD #autonews";"1"
"1";"India¸æå£§ºs digital #payments to grow threefold in 2017: #MeitY https:tcoQSojIUfpta #PoS #demonetization #BHIM #IAMAI";"1"
"1";"The Overall Impact of Demonetization on the Education System in India an article from Motilal Oswal Services https: https:tco2j67zjVsHY";"1"
"1";"The Overall Impact of Demonetization on the Education System in India an article from Motilal Oswal Services https: https:tco3GDEbWG3TB";"1"
"1";"The Overall Impact of Demonetization on the Education System in India an article from Motilal Oswal Services https: https:tco3wPM5P7DJs";"1"
"1";"The Overall Impact of Demonetization on the Education System in India an article from Motilal Oswal Services https: https:tco6hYAf5yYdx";"1"
"1";"The Overall Impact of Demonetization on the Education System in India an article from Motilal Oswal Services https: https:tco7UyaKsBdQ3";"1"
"1";"The Overall Impact of Demonetization on the Education System in India an article from Motilal Oswal Services https: https:tco9adbr7D5AG";"1"
"1";"The Overall Impact of Demonetization on the Education System in India an article from Motilal Oswal Services https: https:tcoAiMl9SJWfA";"1"
"1";"The Overall Impact of Demonetization on the Education System in India an article from Motilal Oswal Services https: https:tcoaOC1ICLHJz";"1"
"1";"The Overall Impact of Demonetization on the Education System in India an article from Motilal Oswal Services https: https:tcoBG4rBaFYGW";"1"
"1";"The Overall Impact of Demonetization on the Education System in India an article from Motilal Oswal Services https: https:tcobGL4tFM0sc";"1"
"1";"The Overall Impact of Demonetization on the Education System in India an article from Motilal Oswal Services https: https:tcoCgNm0CmCTd";"1"
"1";"The Overall Impact of Demonetization on the Education System in India an article from Motilal Oswal Services https: https:tcoCjZaz4tMKS";"1"
"1";"The Overall Impact of Demonetization on the Education System in India an article from Motilal Oswal Services https: https:tcoclKRd6TgXq";"1"
"1";"The Overall Impact of Demonetization on the Education System in India an article from Motilal Oswal Services https: https:tcocudzc72QU5";"1"
"1";"The Overall Impact of Demonetization on the Education System in India an article from Motilal Oswal Services https: https:tcoCZGdcRjpZJ";"1"
"1";"The Overall Impact of Demonetization on the Education System in India an article from Motilal Oswal Services https: https:tcoDD2WniIPJ6";"1"
"1";"The Overall Impact of Demonetization on the Education System in India an article from Motilal Oswal Services https: https:tcoDn1BUEzNBi";"1"
"1";"The Overall Impact of Demonetization on the Education System in India an article from Motilal Oswal Services https: https:tcoegDLVcWpwy";"1"
"1";"The Overall Impact of Demonetization on the Education System in India an article from Motilal Oswal Services https: https:tcoePV9f4rwSv";"1"
"1";"The Overall Impact of Demonetization on the Education System in India an article from Motilal Oswal Services https: https:tcoeqFuJDlGVt";"1"
"1";"The Overall Impact of Demonetization on the Education System in India an article from Motilal Oswal Services https: https:tcofHhoS8jBux";"1"
"1";"The Overall Impact of Demonetization on the Education System in India an article from Motilal Oswal Services https: https:tcohDJs7lNw3d";"1"
"1";"The Overall Impact of Demonetization on the Education System in India an article from Motilal Oswal Services https: https:tcoI6qPA1tRDM";"1"
"1";"The Overall Impact of Demonetization on the Education System in India an article from Motilal Oswal Services https: https:tcoIDBsQ8GZxH";"1"
"1";"The Overall Impact of Demonetization on the Education System in India an article from Motilal Oswal Services https: https:tcoIrHhFi39JV";"1"
"1";"The Overall Impact of Demonetization on the Education System in India an article from Motilal Oswal Services https: https:tcoj1KWhYq9E9";"1"
"1";"The Overall Impact of Demonetization on the Education System in India an article from Motilal Oswal Services https: https:tcojhu1zu2XRQ";"1"
"1";"The Overall Impact of Demonetization on the Education System in India an article from Motilal Oswal Services https: https:tcojlY8XEKMzR";"1"
"1";"The Overall Impact of Demonetization on the Education System in India an article from Motilal Oswal Services https: https:tcojSOxNZOI8G";"1"
"1";"The Overall Impact of Demonetization on the Education System in India an article from Motilal Oswal Services https: https:tcoJzaV09EMLo";"1"
"1";"The Overall Impact of Demonetization on the Education System in India an article from Motilal Oswal Services https: https:tcokcC3aeZh5y";"1"
"1";"The Overall Impact of Demonetization on the Education System in India an article from Motilal Oswal Services https: https:tcoKNQDeVDltk";"1"
"1";"The Overall Impact of Demonetization on the Education System in India an article from Motilal Oswal Services https: https:tcol7nDrORf4C";"1"
"1";"The Overall Impact of Demonetization on the Education System in India an article from Motilal Oswal Services https: https:tcoLEHxVnXuHa";"1"
"1";"The Overall Impact of Demonetization on the Education System in India an article from Motilal Oswal Services https: https:tcomyCr0QZKd0";"1"
"1";"The Overall Impact of Demonetization on the Education System in India an article from Motilal Oswal Services https: https:tcoN6LgFlBi3w";"1"
"1";"The Overall Impact of Demonetization on the Education System in India an article from Motilal Oswal Services https: https:tcoNkC4DkLziN";"1"
"1";"The Overall Impact of Demonetization on the Education System in India an article from Motilal Oswal Services https: https:tcoO2h2yE2cWB";"1"
"1";"The Overall Impact of Demonetization on the Education System in India an article from Motilal Oswal Services https: https:tcop5KyjgrrcZ";"1"
"1";"The Overall Impact of Demonetization on the Education System in India an article from Motilal Oswal Services https: https:tcoqmpDJ15ZlV";"1"
"1";"The Overall Impact of Demonetization on the Education System in India an article from Motilal Oswal Services https: https:tcoS3it9CDUsD";"1"
"1";"The Overall Impact of Demonetization on the Education System in India an article from Motilal Oswal Services https: https:tcoTduBiEV0k1";"1"
"1";"The Overall Impact of Demonetization on the Education System in India an article from Motilal Oswal Services https: https:tcoTIXQkLAj6i";"1"
"1";"The Overall Impact of Demonetization on the Education System in India an article from Motilal Oswal Services https: https:tcoVJJrWxsTBR";"1"
"1";"The Overall Impact of Demonetization on the Education System in India an article from Motilal Oswal Services https: https:tcovS9lvevYQ3";"1"
"1";"The Overall Impact of Demonetization on the Education System in India an article from Motilal Oswal Services https: https:tcox4UcLf0lFA";"1"
"1";"The Overall Impact of Demonetization on the Education System in India an article from Motilal Oswal Services https: https:tcoxhIiJwz8zs";"1"
"1";"The Overall Impact of Demonetization on the Education System in India an article from Motilal Oswal Services https: https:tcoxk2RGncBnP";"1"
"1";"The Overall Impact of Demonetization on the Education System in India an article from Motilal Oswal Services https: https:tcoXnPSV8L8ZL";"1"
"1";"The Overall Impact of Demonetization on the Education System in India an article from Motilal Oswal Services https: https:tcoXUzzbnDMl8";"1"
"1";"The Overall Impact of Demonetization on the Education System in India an article from Motilal Oswal Services https: https:tcoyIKVUYPAum";"1"
"1";"The Overall Impact of Demonetization on the Education System in India an article from Motilal Oswal Services https: https:tcoYIuj3fOwgp";"1"
"1";"The Overall Impact of Demonetization on the Education System in India an article from Motilal Oswal Services https: https:tcoYmeEF4BKgF";"1"
"1";"The Overall Impact of Demonetization on the Education System in India an article from Motilal Oswal Services https: https:tcozBSHbJdRnS";"1"
"1";"The Overall Impact of Demonetization on the Education System in India an article from Motilal Oswal Services https: https:tcoznWtkIsH3e";"1"
"1";"The latest The Demonetization Daily! https:tcoD82oM5sYBk #technology";"1"
"1";"RT @CNNnews18: IMF trimmed Indias annual growth forecast by 04% points to 72% for 2017 citing the impact of demonetizationhttps:tc¸æçì†º";"6"
"1";"Demonetization Would Impact The Real Estate Sector https:tcoVS6cgEeYc2";"1"
"1";"Demonetization Would Impact The Real Estate Sector https:tcowbaWUTTLS0 by @akgvgindia";"1"
"1";"So a story that tells you the flipside of the digital revolution @Paytm and #Demonetization are busy celebrating My phone got stolen yday";"1"
"1";"RT @godavar: So a story that tells you the flipside of the digital revolution @Paytm and #Demonetization are busy celebrating My phone go¸æçì†º";"10"
"1";"IMF trimmed Indias annual growth forecast by 04% points to 72% for 2017 citing the impact of demonetizationhttps:tcoh2V3G141GA";"1"
"1";"IMF trimmed Indias annual growth forecast by 04% points to 72% for 2017 citing the impact of demonetizationhttps:tcoNqQRRBL9jS";"1"
"1";"IMF trimmed Indias annual growth forecast by 04% points to 72% for 2017 citing the impact of demonetizationhttps:tcowMpGXcKHLS";"1"
"1";"RT @sumitkashyapjha: Economic impact of #demonetization : Smaller Showrooms shops have started firing their sales executives quietly as sa¸æçì†º";"9"
"1";"23 folds increase in digital transaction after demonetization! https:tco9MjFtLtCtR via @postcard_news";"1"
"1";"23 folds increase in digital transaction after demonetization! https:tcob2W4OByp14 via @postcard_news";"1"
"1";"23 folds increase in digital transaction after demonetization! https:tcoEfSYhb2nkF via @postcard_news";"1"
"1";"23 folds increase in digital transaction after demonetization! https:tcoFAaUaBNVcj via @postcard_news";"1"
"1";"23 folds increase in digital transaction after demonetization! https:tcofOWgfabpVc via @postcard_news";"1"
"1";"23 folds increase in digital transaction after demonetization! https:tcofZl3N03EV8 via @postcard_news";"1"
"1";"23 folds increase in digital transaction after demonetization! https:tcoKEha3pXPLP via @postcard_news";"1"
"1";"23 folds increase in digital transaction after demonetization! https:tcoo1XzbFvNUG via @postcard_news";"1"
"1";"23 folds increase in digital transaction after demonetization! https:tcoSJeJflhatx via @postcard_news";"1"
"1";"RT @56perumal: 23 folds increase in digital transaction after demonetization! https:tcoKEha3pXPLP via @postcard_news";"1"
"1";"RT @swrpa733124: 23 folds increase in digital transaction after demonetization! https:tcoEfSYhb2nkF via @postcard_news";"1"
"1";"RT @TheJeonsa: IMFIndia growth forecast for FY18 at 72% and FY19 at 77% well ahead of its forecast for ChinaWhere is demonetization eff¸æçì†º";"1"
"1";"23 folds increase in digital transaction after demonetization! https:tcodpShG9640Q";"1"
"1";"23 folds increase in digital transaction after demonetization https:tcoh3yYABfALx";"1"
"1";"23 folds increase in digital transaction after demonetization! https:tcojuMHRvG0P9";"1"
"1";"Impact of #Demonetization @ArvindKejriwal #TweetLikeKejriwal https:tcoZCHns5wuc3";"1"
"1";"Economic impact of #demonetization : Smaller Showrooms shops have started firing their sales executives quietly as sales drops 4050%";"1"
"1";"@AmanKayamHai_ET Demonetization impact !";"1"
"1";"RT @AshwinderRaj: Impact of Demonetization on Residential Real Estate https:tco8MNv69ye7E by #AshwinderRaj#Demonetization #JLLIndia¸æçì†º";"1"
"1";"https:tco83p7LWQuRs : #Demonetization has derailed the overall country¸æå£§ºs recovery: Varun Berry";"1"
"1";"RT @su_nils: @jillsdaniel @DasBolshevik #demonetization was not only the biggest blunder in fin sect but also paved path for the biggest moÖ";"5"
"1";"I m with india #Demonetization";"1"
"2";"A 360 degree looks at one of the most unprecedented events of our time #Demonetization https:tcoXPEJqwEBtO";"1"
"2";"Big BazaarBig QueuesBig time consumptionBig Mess Yeah Chutta toh bhi milega ya nahi :#bigbazaar #demonetization";"1"
"2";"RT @SreeIyer1: #Demonetization The time has come to put MUDRA into action writes Prof R Vaidyanathan https:tco7SESPjFTD4 @Swamy39 @¸æçì†º";"4"
"2";"RT @rupasubramanya: Doesnt matterBJP lost BIG time Panvel agricultural body polls where they not even on the board #Demonetization https¸æçì†º";"19"
"2";"#Demonetization The time has come to put MUDRA into action writes Prof R Vaidyanathan https:tcoP6HkkDVa3b @upma23 @UnSubtleDesi";"1"
"2";"RT @sunilrajguru: By the time the Opposition finishes with its nautanki and the courts finish analyzing it #Demonetization would have been¸æçì†º";"1"
"2";"Doesnt matterBJP lost BIG time Panvel agricultural body polls where they not even on the board #Demonetization https:tcoGnTKvbAP4D";"1"
"2";"#Demonetization The time has come to put MUDRA into action writes Prof R Vaidyanathan https:tco7SESPjFTD4 @Swamy39 @MRVChennai";"1"
"2";"#Demonetization The time has come to put MUDRA into action writes Prof R Vaidyanathan https:tcoxC2g1UEV16 @Swamy39";"1"
"2";"RT @Rohtakite: #Demonetization The time has come to put MUDRA into action writes Prof R Vaidyanathan https:tcoxC2g1UEV16 @Swamy39";"1"
"2";"These are having some gala time #Demonetization https:tcoIihrsqAKBA";"1"
"2";"RT @rupasubramanya: Jagdish Bhagwati @vdehejia Pravin Krishna tell demonetization critics: You got it plain wrong and we got it right ht¸æçì†º";"5"
"2";"RT @pGurus1: #Demonetization The time has come to put MUDRA into action writes Prof R Vaidyanathan https:tcoP6HkkDVa3b @upma23 @UnS¸æçì†º";"27"
"2";"#Demonetization Time will tell whether its a big though not flawless kick to push the country out of its comfort zone@AnupamPkher";"1"
"2";"#Demonetization Time will tell whether its a big though not flawless kick to push the country out of its comfort zone@bachikarkaria";"1"
"2";"#Demonetization Time will tell whether its a big though not flawless kick to push the country out of its comfort zone@Chikisarkar";"1"
"2";"#Demonetization Time will tell whether its a big though not flawless kick to push the country out of its comfort zone@DeShobhaa";"1"
"2";"#Demonetization Time will tell whether its a big though not flawless kick to push the country out of its comfort zone@dravirmani";"1"
"2";"#Demonetization Time will tell whether its a big though not flawless kick to push the country out of its comfort zone@GhoshAmitav";"1"
"2";"#Demonetization Time will tell whether its a big though not flawless kick to push the country out of its comfort zone@iKabirBedi";"1"
"2";"#Demonetization Time will tell whether its a big though not flawless kick to push the country out of its comfort zone@kiranshaw";"1"
"2";"#Demonetization Time will tell whether its a big though not flawless kick to push the country out of its comfort zone@mrsfunnybones";"1"
"2";"#Demonetization Time will tell whether its a big though not flawless kick to push the country out of its comfort zone@NandanNilekani";"1"
"2";"#Demonetization Time will tell whether its a big though not flawless kick to push the country out of its comfort zone@PritishNandy";"1"
"2";"#Demonetization Time will tell whether its a big though not flawless kick to push the country out of its comfort zone@Ram_Guha";"1"
"2";"#Demonetization Time will tell whether its a big though not flawless kick to push the country out of its comfort zone@sagarikaghose";"1"
"2";"#Demonetization Time will tell whether its a big though not flawless kick to push the country out of its comfort zone@ShashiTharoor";"1"
"2";"#Demonetization Time will tell whether its a big though not flawless kick to push the country out of its comfort zone@ShekharGupta";"1"
"2";"#Demonetization Time will tell whether its a big though not flawless kick to push the country out of its comfort zone@shekharkapur";"1"
"2";"#Demonetization Time will tell whether its a big though not flawless kick to push the country out of its comfort zone@SrBachchan";"1"
"2";"#Demonetization Time will tell whether its a big though not flawless kick to push the country out of its comfort zone@virsanghvi";"1"
"2";"RT @pGurus1: #Demonetization Should India embrace eWallets What is an eWallet https:tcoWFc02r8RaJ @surnell @MrsGandhi @upma23 @DrS¸æçì†º";"1"
"2";"RT @AdityaNair20: First time in 29years our Milkman asked for a check!#demonetization <ed><U00A0><U00BD><ed><U00B2><U009C>@narendramodi @TarekFatah @PrasadAol @rashminp @¸æçì†º";"18"
"2";"In lieu of #demonetizationa big winCongrats @CMMadhyaPradesh https:tco8waIPUDkZb";"1"
"3";"RT @ashu3page: Man ends life over fund shortage ahead of daughter¸æå£§ºs wedding in Gujarat #Demonetization https:tcoDGAI5cf05y https:t¸æçì†º";"119"
"3";"RT @Tanim0104: Man ends life over fund shortage ahead of daughter¸æå£§ºs wedding in Gujarat ! #Demonetization https:tcoUQeOf6ylMi https:¸æçì†º";"6"
"3";"RT 1Patelzuber: Man ends life over fund shortage ahead of daughter¸æå£§ºs wedding in Gujarat ! #Demonetization ¸æçì†º https:tcofJlqzxmP81";"1"
"3";"RT @1Patelzuber: Man ends life over fund shortage ahead of daughter¸æå£§ºs wedding in Gujarat ! #Demonetization https:tcoUc6jrbvUNE https:¸æçì†º";"21"
"3";"Man ends life over fund shortage ahead of daughter¸æå£§ºs wedding in Gujarat #Demonetization https:tcoDGAI5cf05y https:tco9BKcqVNj1j";"1"
"3";"Man ends life over fund shortage ahead of daughter¸æå£§ºs wedding in Gujarat ! #Demonetization https:tcoUc6jrbvUNE https:tcoj5FwKhN1tL";"1"
"3";"Man ends life over fund shortage ahead of daughter¸æå£§ºs wedding in Gujarat ! #Demonetization https:tcoUQeOf6ylMi https:tcoPo3P7Fj3f2";"1"
"3";"Man ends life over fund shortage ahead of daughter¸æå£§ºs wedding in Gujarat #Demonetization https:tcoUTShDBMlll";"1"
"3";"#India #demonetizationGujarat: Man ends life over fund shortage ahead of daughter¸æå£§ºs wedding https:tco5oxq5U9snn";"1"
"3";"RT @econofpak: #India #demonetizationGujarat: Man ends life over fund shortage ahead of daughter¸æå£§ºs wedding https:tco5oxq5U9snn";"1"
"3";"sudden declaration of demonetization has effected common man life";"1"
"3";"Retweeted <UFE0F> <U26A1> BajiRao <U092C><U0932><U094D><U0932><U093E><U0933> <U26A1> @Ind_Arya:Demolition Man vs Demonetization ManIndia Has Suffered Under Both https:tcoezSiKxd8S9";"1"
"3";"RT @ashu3page: A man shaved his head at JantarMantar in protest against #Demonetization on 13th day of the move https:tcoIeXuia3J0X";"20"
"3";"RT @Ind_Arya: Demolition Man vs Demonetization ManIndia Has Suffered Under Both https:tcog3simA6LEG";"13"
"4";"RT @ShashiTharoor: Joined the line of Opposition MPs demonstrating solidarity on #demonetization &amp;demanding that @PMOIndia address ParliameÖ";"66"
"4";"RT @ShashiTharoor: @anandkamal Frankly i dont understand why @narendramodi doesnt address Parlmnt on #Demonetization Its his duty&amp;wil¸æçì†º";"53"
"4";"Joined the line of Opposition MPs demonstrating solidarity on #demonetization &amp;demanding that @PMOIndia address Par¸æçì†º https:tcotWQ2o9ALZq";"1"
"4";" @anandkamal Frankly i dont understand why @narendramodi doesnt address Parlmnt on #Demonetization Its his duty&amp;will defuse disruption";"1"
"4";"@arunjaitley I dont understand why @narendramodi doesnt address Parlmnt on #Demonetization Its his duty&amp;will defuse disruption";"1"
"4";"@sushmitadevmp Joined the line of Opposition MPs demonstrating solidarity on #demonetization &amp;demanding tat PM addr¸æçì†º https:tcoxYNCLulFVR";"1"
"4";"RT @bainjal: Unclear why @PMOIndia can address election rallies on #demonetization but not face Parliament Why https:tco0PWe3eXzWF";"1"
"4";"Joined the line of Opposition MPs demonstrating solidarity on #demonetization https:tcoA4NgHepZ38";"1"
"4";"RT @ShashiTharoor: @Rajharitas that wld also have been incomplete Thered be no disruption if Govt agreed2 debate on #demonetization under¸æçì†º";"2"
"4";"On #demonetization as driver of #disruption #innovation https:tcoCfAWiekMFO";"1"
"4";"RT @ShashiTharoor: Joined Kerala MPs protesting the exclusion of cooperative banks from #demonetization arrangements 90% of rural savers¸æçì†º";"5"
"4";"RT @rajeev_mp: Today again #demonetization debate in Parlmnt stalled due to disruption ! <ed><U00A0><U00BD><ed><U00B9><U0084> i dont undrstnd why oppstn wants to stall its ow¸æçì†º";"20"
"4";"RT @airnewsalerts: @MVenkaiahNaidu blames opposition for not allowing #Parliament to function by creating uproar over #demonetization iss¸æçì†º";"7"
"4";" @MVenkaiahNaidu blames opposition for not allowing #Parliament to function by creating uproar over #demonetization issue";"2"
"4";"RT ShashiTharoor: Keralite dancers protest #demonetization nr Secretariat! Unique msg from AllKerala DanceTeacher¸æçì†º https:tcoxtQYWyo1cl";"1"
"4";"Or to kuch nahi demonetization k baad sb line m lgna seekh gye";"1"
"5";"RatanSharda55: RT ModiBharosa: Huge support for PM narendramodi ¸æå£§ºs #demonetization Move Across the Nation 8086% ¸æçì†º https:tco8BMAupx8ws";"1"
"5";"RT ModiBharosa: Huge support for PM narendramodi ¸æå£§ºs #demonetization Move Across the Nation 8086% people back dem¸æçì†º https:tcoHCZNbbpPYY";"1"
"5";"A fruit vendor from Kolkata supports the #Demonetization move by #NarendraModi @narendramodi @BJP4India https:tco7enIN2ywtq @rsprasad";"1"
"5";"A fruit vendor from Kolkata supports the #Demonetization move by #NarendraModi @narendramodi @BJP4India https:tcoGQstR94scO @bjpbengal";"1"
"5";"RT @ModiBharosa: Huge support for PM @narendramodi ¸æå£§ºs #demonetization Move Across the Nation 8086% people back demonetization: Cvoter su¸æçì†º";"246"
"5";"Huge support for PM @narendramodi ¸æå£§ºs #demonetization Move Across the Nation 8086% people back demonetization: C¸æçì†º https:tcomZODg8gsVG";"1"
"5";"Huge support for PM narendramodi ¸æå£§ºs #demonetization Move Across the Nation 8086% people back demonetization: Cv¸æçì†º https:tcoHCZNbbpPYY";"1"
"5";"Huge support for PM @narendramodi ¸æå£§ºs #demonetization Move Across the Nation 8086% people back demonetization: Cv¸æçì†º https:tcoxBGtjNngXp";"1"
"5";"RT ModiBharosa: Putting Nation over Party Politics #nitishkumar supports PM narendramodi on #Demonetization https:tco3XCZyRE0wZ";"1"
"5";"RT @ModiBharosa: Putting Nation over Party Politics #nitishkumar supports PM @narendramodi on #Demonetization https:tcoUodwXdPMmG";"253"
"5";"Retweeted Modi Bharosa @ModiBharosa:Huge support for PM @narendramodi ¸æå£§ºs #demonetization Move Across the https:tcoKpCnzcWguU";"1"
"5";"Huge support for #PM #NarendraModii ¸æå£§ºs #demonetization Move Across the Nation 8086% people back demonetization: C¸æçì†º https:tcoDuhOplevgw";"1"
"5";"RT @Gitanjali_DS: Huge support for #PM #NarendraModii ¸æå£§ºs #demonetization Move Across the Nation 8086% people back demonetization: Cvoter¸æçì†º";"10"
"5";"Putting Nation over Party Politics #nitishkumar supports PM narendramodi on #Demonetization https:tcofdkshTrdyW";"1"
"5";"Putting Nation over Party Politics #nitishkumar supports PM @narendramodi on #Demonetization https:tcoUodwXdPMmG";"1"
"5";"Putting Nation over Party Politics #nitishkumar supports PM @narendramodi on #Demonetization only culprits crib https:tcoztzneFJAz3";"1"
"5";"@NitishKumar supports #DeMonetisation @SharadYadavMP Opposes #demonetization What is the real Game of JDU https:tcoor1lPlEJM9";"1"
"5";"Tata has always supported the moves that helped people Now @RNTata2000 supports #demonetization move by the government#Tata4India";"1"
"5";"@NitishKumar #Thanks Sir to support our #PMModi for #demonetization #blackMoneycleanup";"1"
"5";"@SriSri Sri Ravi Shankar supports #demonetization hails PM @narendramodi https:tcog7aCrsYBQL";"1"
"5";"From Man Ki Baat to Jan Ki Baat on #demonetization On #ManKiBaat PM @narendramodi supports #JanKiBaat and asks f¸æçì†º https:tcoVUQuXxHNPT";"1"
"5";"DO YOU SUPPORT #DEMONETISATION #DEMONETIZATION MOVE BY PM @NARENDRAMODI Tweeter¸æåÜÑºpoll https:tco0XfuEhM064";"1"
"5";"DO YOU SUPPORT #DEMONETISATION #DEMONETIZATION MOVE BY PM @NARENDRAMODI Tweeter¸æåÜÑºpoll https:tcovyvFlGvSpq";"1"
"5";"#KCR supports #demonetization raises concern over public inconveniencehttps:tco9BtGG1fKcT";"1"
"5";"#demonetization @narendramodi Honest people supporting the movecorrupt and politically motivated peeved https:tcol9o9vya9vf";"1"
"5";"@narendramodi I am from West Bengal and I support your #demonetization I am fed up with our CM Mamata Didi";"1"
"5";"@Panky135 @SitaramYechury @narendramodi The list of #demonetization deaths up to Dec 8th 2016 after this 18 more¸æçì†º https:tco8UzqiYb63Z";"1"
"5";"RT @RNTata2000: The government¸æå£§ºs bold implementation of the demonetization programme needs the nation¸æå£§ºs support https:tcotx1ZILSor8";"3"
"5";"RT @FedoraDaExplora: @Stupidosaur @Twitter One dude is actively into politics Grassroots volunteer One had no idea but said it all click¸æçì†º";"2"
"5";"@Stupidosaur @Twitter One dude is actively into politics Grassroots volunteer One had no idea but said it all cl¸æçì†º https:tcoc7IQ8R6Jtm";"1"
"5";"Hey @narendramodi is there #saffronmoney and #BlackMoney Double standards as usual @arunjaitley¸æçì†º https:tcoNsfEt5KmTt";"1"
"5";"RT @myvotetoday: If @AnjuNagarajan DP says she supports #demonetization why is she not following us <ed><U00A0><U00BE><ed><U00B4><U0094> https:tcocZZvv6VUas";"2"
"5";"RT @MsKajalAggarwal: Full respect for @narendramodi @PMOIndia #demonetization <ed><U00A0><U00BD><ed><U00B1><U008F><ed><U00A0><U00BC><ed><U00BF><U00BB><ed><U00A0><U00BD><ed><U00B9><U008C><ed><U00A0><U00BC><ed><U00BF><U00BB>";"2"
"5";"RT @ModiBharosa: #RatanTata supports PM Narendra Modi for #Demonetization https:tcofRTHY2Ltth";"40"
"5";"RT @SaundiD: @narendramodi <U091C><U0940>4 ladies r managing #demonetization perfectly<ed><U00A0><U00BD><ed><U00B1><U008C><ed><U00A0><U00BD><ed><U00B1><U008D>#SBI#PNB#AxisBank#ICICI<ed><U00A0><U00BD><ed><U00B9><U008F>#<U0928><U093E><U0930><U0940>_<U0924><";"1"
"5";"@cco_nrly @RailMinIndia @sureshpprabhu @aajtak @ZeeNewsHindi @BBCHindi @abpnewshindi @ndtvindia @narendramodi Thank¸æçì†º https:tcojZkQXIZXwZ";"1"
"5";"#RightTimeToInvestWhile the entire nation is debating about the after effects of #Demonetization our founder https:tcohiYenZIDe4";"1"
"5";"#RightTimeToInvestWhile the entire nation is debating about the after effects of #Demonetization our founder https:tcoQqZyeyPLZA";"1"
"5";"@RanaAyyub sm twitter empty vessels dare not to tweet CVoter pulse poll on #demonetization https:tco2qGBFx3EJw";"1"
"5";"RT @coomarashish: CVoter on #Demonetization:Only 22% happy with implementation when asked to mark the same 66% says Good@manakgupta¸æçì†º";"1"
"5";"#RakhiSawant Appreciates PM #NarendraModi over #Demonetizationhttps:tcol7V9uiliNN";"1"
"5";"Amidst all the #DeMonetization movement no one appreciated #Bihar CM #NitishKumar for supporting this action";"1"
"5";"RT @ls2008: Despite temporay hurdles most in rural #Bengal in #Mamatas stronghold support #Modis #demonetization move CVoter Big Bazaar¸æçì†º";"1"
"5";"@SriSri Ravi Shankar roots for #demonetization hails PM @narendramodi https:tcoGV5gt4sjLW https:tcoE0ZFRnRjlk";"1"
"5";"Aam Aadmi supports #Demonetization And supports @narendramodi https:tcouq9gOigp3S";"1"
"5";"RT @hemster: Aam Aadmi supports #Demonetization And supports @narendramodi https:tcouq9gOigp3S";"1"
"5";"@narendramodi I support #demonetization";"1"
"5";"@narendramodi sirMSE r affected during our historic demonetization drive Contracts could not be completed ontimeheavy penalty is imposed";"1"
"5";"Dear @PMOIndia CREDAI supports your #Demonetization drive &amp; we are geared up for a smoother transition towards a¸æçì†º https:tcoqgOhfYD81t";"1"
"5";"RT @CREDAINational: Dear @PMOIndia CREDAI supports your #Demonetization drive &amp; we are geared up for a smoother transition towards a tran¸æçì†º";"4"
"5";"@sardesairajdeep Cvoter pulse poll on #demonetization https:tco2qGBFx3EJw";"1"
"5";"#demonetization is a wasteful exercise @narendramodi https:tcog4BZxYKnY0";"1"
"5";"RT @srithh: #demonetization is a wasteful exercise @narendramodi https:tcog4BZxYKnY0";"2"
"5";"RT @timane: ¸æò¶àº¸æò¶àº¸æò¶àº @SriSri Ravi Shankar roots for #demonetization hails PM Modi#CashCleanUp #CashlessEconomy #cash https:tcoTS0C7pTwBs¸æçì†º";"3"
"5";"¸æò¶àº¸æò¶àº¸æò¶àº @SriSri Ravi Shankar roots for #demonetization hails PM Modi#CashCleanUp #CashlessEconomy #cash¸æçì†º https:tcouzLJnq0CcQ";"1"
"5";"RT @ProfNKPandey: I admit#demonetization was #surgicalstrikeArmy killed 38 terroristsDemonetization killed 56 &amp; countingBoth had su¸æçì†º";"1"
"5";"RT @CMOMaharashtra: @ArshadWarsi thanks Hon PM @narendramodi for the decision on #demonetization and #BlackMoney https:tco9AwGwJAc5w";"11"
"5";"RT @CMOMaharashtra: One of the greatest computer scientists Dr Vijay Bhatkars views on #demonetization decision by Hon PM @narendramodi h¸æçì†º";"4"
"5";"RT @CMOMaharashtra: @mandybedi on Hon PM @narendramodi s #demonetization decision https:tcoj74RkdZRTO";"5"
"5";"RT @fgautier26: A little noticed consequence of #demonetization drive of @narendramodi is that valley of Kashmir has gone very quiet: no¸æçì†º";"6"
"5";"CHINAR &amp; MAHESH https:tcoQE62gXLawL via @YouTubeThane: Prominent people supports #Demonetization @MahaDGIPR @CMOMaharashtra";"1"
"5";"@narendramodi should step down for the most irresponsible decision #demonetization";"1"
"5";"From #MannKiBaat to #JanKiBaat on #demonetization Washerman Sonu on #DEMONETIZATION #janjankibaat @narendramodi¸æçì†º https:tcoP67Cr9d4rT";"1"
"5";"RT @sandipsabharwal: Most people are with you @narendramodi on #DemonetizationPl run a poll on where citizens face most harassment in the¸æçì†º";"10"
"5";"As prime minister asks Jan Jan Ki Baat on #Demonetization Citizens speak and write on @jankibaat1 #citizensvoicehttps:tco711DaPqjai";"1"
"5";"From #MannKiBaat to #JanKiBaat on #demonetization #Youth on #DEMONETIZATION #janjankibaat @narendramodi @PMOIndia¸æçì†º https:tco0beo8sgBGr";"1"
"5";"MANGESH KANGANE https:tcoOIvfvln3ir via @YouTubeThane: Prominent people supports #Demonetization @MahaDGIPR @CMOMaharashtra";"1"
"5";"Priydarshan Jadhav https:tcownlckGTYIj via @YouTubeThane: Prominent people supports #Demonetization @MahaDGIPR @CMOMaharashtra";"1"
"5";"RT @Gitanjali_DS: This is why she is protesting #demonetization#MamtaBanerjee https:tcoyv7OUOVcxB";"2"
"5";"#Demonetization is only thing which taught me a lesson of minimalismNeedful stuffs But More Happiness ! Thank you PM Modi @PMOIndia";"1"
"5";"#SriSriRaviShankar #roots for #demonetization hails #PMModihttps:tcocA4D09QYPZvia NMApp https:tcokIFpf6jkpL";"1"
"5";"RT @jankibaat1: From #MannKiBaat to #JanKiBaat on #demonetization #Citizens on #DEMONETIZATION #janjankibaat @narendramodi @PMOIndia #nam¸æçì†º";"1"
"5";"Who is most corruption party #DeModitisation_March#BlackMoney #demonetization #congress#aap#BJP#other";"1"
"5";"RT @thaneinfo: CHINAR &amp; MAHESH https:tcoQE62gXLawL via @YouTubeThane: Prominent people supports #Demonetization @MahaDGIPR @CMOMaharas¸æçì†º";"2"
"5";"RT thaneinfo: CHINAR &amp; MAHESH https:tcoAwwE2JG7P1 via YouTubeThane: Prominent people supports #Demonetization¸æçì†º https:tco7AyPEiNGZp";"1"
"5";"Despite temporay hurdles most in rural #Bengal in #Mamatas stronghold support #Modis #demonetization move CVote¸æçì†º https:tcozMEv7JJth0";"1"
"5";"RT @thaneinfo: MANGESH KANGANE https:tcoOIvfvln3ir via @YouTubeThane: Prominent people supports #Demonetization @MahaDGIPR @CMOMaharas¸æçì†º";"1"
"5";"RT @thaneinfo: Priydarshan Jadhav https:tcownlckGTYIj via @YouTubeThane: Prominent people supports #Demonetization @MahaDGIPR @CMOMaha¸æçì†º";"2"
"5";"RT thaneinfo: MANGESH KANGANE https:tcoZL2u0MGuoI via YouTubeThane: Prominent people supports #Demonetization¸æçì†º https:tcoXY5uw0bmpT";"1"
"5";"From #MannKiBaat to #JanKiBaat on #demonetization #Citizens on #DEMONETIZATION #janjankibaat @narendramodi¸æçì†º https:tco5Rgxh7EAB6";"1"
"5";"From #MannKiBaat to #JanKiBaat on #demonetization #Citizens on #DEMONETIZATION #janjankibaat @narendramodi¸æçì†º https:tco8R8zR9a47Z";"1"
"5";"From #MannKiBaat to #JanKiBaat on #demonetization #Citizens on #DEMONETIZATION #janjankibaat @narendramodi¸æçì†º https:tcoHbOZ0wN7cP";"1"
"5";"From #MannKiBaat to #JanKiBaat on #demonetization #Citizens on #DEMONETIZATION #janjankibaat @narendramodi¸æçì†º https:tcoMYD5ogLY4X";"1"
"5";"From #MannKiBaat to #JanKiBaat on #demonetization #Citizens on #DEMONETIZATION #janjankibaat @narendramodi¸æçì†º https:tcoUj0JzcJubP";"1"
"5";"From #MannKiBaat to #JanKiBaat on #demonetization #Citizens on #DEMONETIZATION #janjankibaat @narendramodi¸æçì†º https:tcoZSaVPtNVnc";"1"
"5";"From #MannKiBaat to #jankibaat on #demonetization Auto drivers on #DEMONETIZATION #janjankibaat @narendramodi¸æçì†º https:tcorXJ12hvH47";"1"
"5";"@sagarikaghose cvoter pulse poll on #demonetization https:tco2qGBFx3EJw";"1"
"5";"#Demonetization #IndiaFightsCorruption Immense courage needed to take such a momentous decision @arunjaitley @narendramodi @PMOIndia";"1"
"5";"@PMOIndia @narendramodi #iamwithPmModi on #Demonetization and havent faced any difficulty a salaried taxpayer";"1"
"5";"#IndiaFightsCorruption The honest feel vindicated by the historic move on #Demonetization : @arunjaitley ji @ BJP P¸æçì†º https:tcoHP9nJLzhy5";"1"
"5";"RT @Ra_THORe: #IndiaFightsCorruption The honest feel vindicated by the historic move on #Demonetization : @arunjaitley ji @ BJP ParliamentaÖ";"35"
"5";"I am with #demonetization @narendramodi https:tcoBH8hSI69W2";"1"
"5";"Retweeted Dr Shobha @DrShobha:#Demonetization taught me minimalism Less stuff ! More happiness ! Thank https:tcoCbCbtwyTt8";"1"
"5";"RT @Ra_THORe: #Demonetization #IndiaFightsCorruption Immense courage needed to take such a momentous decision @arunjaitley @narendramodi @PÖ";"40"
"5";"Demonetization is a huge success<ed><U00A0><U00BD><ed><U00B8><U0081><ed><U00A0><U00BD><ed><U00B8><U0081><ed><U00A0><U00BD><ed><U00B8><U0081> <U0BA4><U0BAE><U0BBE><U0B9A><U0BC1> <U0BA4><U0BAE><U0BBE><U0B9A><U0BC1>!!!! https:tcolMmpZ4LduB";"1"
"5";"RT @SreeIyer1: CPIM opposes Coop Banks in West Bengal but supports them in Kerala! Y Pawar Uturned on #Demonetization https:tco92gaP¸æçì†º";"3"
"5";"RT @pGurus1: CPIM opposes Coop Banks in West Bengal but supports them in Kerala! Y Pawar Uturned on #Demonetization https:tcoThzaV7r¸æçì†º";"25"
"5";"CPIM opposes Coop Banks in West Bengal but supports them in Kerala! Y Pawar Uturned on #Demonetization https:tco92gaP8r5np";"1"
"5";"CPIM opposes Coop Banks in West Bengal but supports them in Kerala! Y Pawar Uturned on #Demonetization https:tcoThzaV7rbDj";"1"
"5";"RT @abhic_1983: @SitaramYechury Continue with your rants against #demonetization People of Bengal has answered you LOL Salaam https:t¸æçì†º";"18"
"5";"@SitaramYechury Continue with your rants against #demonetization People of Bengal has answered you LOL Salaam https:tcoIqVxyqVtIH";"1"
"5";"I Support #Demonetization https:tcoNIU6tF8F35";"1"
"5";"RT @n_gulshan: I support #demonetization";"1"
"5";"RT @DrShobha: #Demonetization taught me minimalism Less stuff ! More happiness ! Thank you Prime Minister @PMOIndia #Insights";"43"
"5";"#Demonetization taught me minimalism Less stuff ! More happiness ! Thank you Prime Minister @PMOIndia #Insights";"1"
"5";"#Demonetization a hollow move https:tcoxyvtXP46Xz";"1"
"6";"Rs 40 lakh looted from a bank in Kishtwar in J&amp;K Third such incident since #demonetization Thats how terrorists¸æçì†º https:tcoaVcrYcZtYM";"1"
"6";"RT @gauravcsawant: Rs 40 lakh looted from a bank in Kishtwar in J&amp;K Third such incident since #demonetization Thats how terrorists have¸æçì†º";"541"
"6";"RT @Smita_Dutta_: <U20B9>40 lakh looted from J&amp;K Bank branch of Sarthal in Kishtwar <U20B9>20 lakh is in new denominations#DeMonetization";"1"
"6";"<U20B9>40 lakh looted from J&amp;K Bank branch of Sarthal in Kishtwar <U20B9>20 lakh is in new denominations#DeMonetization";"1"
"6";"Rs 2000 notes recovered from terrorists gunned down by Army in BandiporaJ&amp;K #demonetization https:tcozSBOJzlE9p";"1"
"6";"Terrorists loot bank in Kashmir After Demonetization Bank robberies in J&amp;K has become daily routine Army should take over banks security";"1"
"6";"@AxisBankSupport No Sercice @AxisBankSupport Cheater @AxisBankOffers Maximum Fraudulent Bank Manager caught at¸æçì†º https:tcobMGPXJg6HY";"1"
"6";"RT @AskAnshul: Terrorists loot bank in Kashmir After Demonetization Bank robberies in J&amp;K has become daily routine Army should take over¸æçì†º";"78"
"6";"Thats why 86 % public in favor of #DeMonetization https:tco3LbbTJHUaA";"1"
"6";"RT @satish_char: @shalinigAAP @mayurpanghaal 150 DEAD in Demonetization Pathankkot incident after CAKE Eating VYAP¸æçì†º https:tconu1p1acemu";"1"
"6";"#Demonetization and tales of woe stories at a bank https:tcoJjohTqEPNw via @SiyaWoman";"1"
"6";"@SunnyLeone @Jewelsoukin This jewellery sec looted India on demonetization";"1"
"6";"RT @priyaakulkarni2: Post demonetizationEconomy to grow at 74 acc to Asian Development bankWorld Bank says note ban will have positiv¸æçì†º";"75"
"7";"INCIndia: RT rssurjewala: Critical question: Was PayTM informed about #Demonetization edict by PM Its clearly fishy and requires full dis¸æçì†º";"3"
"7";"RT INCIndia RT rssurjewala: Critical question: Was PayTM informed about #Demonetization edict by PM Its clearly fishy and requires full ¸æçì†º";"1"
"7";"RT @Prapanchi: INCIndia: RT rssurjewala: Critical question: Was PayTM informed about #Demonetization edict by PM Its clearly fishy and re¸æçì†º";"2"
"7";"RT @rssurjewala: Critical question: Was PayTM informed about #Demonetization edict by PM Its clearly fishy and requires full disclosure &amp;¸æçì†º";"276"
"7";"RT rssurjewala: Critical question: Was PayTM informed about #Demonetization edict by PM Its clearly fishy and requires full disclosure &amp; ¸æçì†º";"2"
"7";"RT INCIndia RT rssurjewala: Critical question: Was PayTM informed about #Demonetization edict by PM Its clearly ¸æçì†º https:tco4jXnNtVgqF";"1"
"7";"RT INCIndia RT rssurjewala: Critical question: Was PayTM informed about #Demonetization edict by PM Its clearly ¸æçì†º https:tcod2zKaMapO2";"1"
"7";"RT INCIndia: RT rssurjewala: Critical question: Was PayTM informed about #Demonetization edict by PM Its clearly¸æçì†º https:tcoPlQSXkfJ0N";"1"
"7";"RT RT rssurjewala: Critical question: Was PayTM informed about #Demonetization edict by PM Its clearly fishy and requires full disclosure¸æçì†º";"1"
"7";"Retweeted Randeep S Surjewala @rssurjewala:Critical question: Was PayTM informed about #Demonetization edict https:tco68KYdCwxNk";"1"
"7";"@minimathur How dare you question PM Modi and his policies on #Demonetization You are #AntiNational Go to Pakistan #BhaktLogic #Sarcasm";"1"
"7";"17 @ArvindKejriwal Question is who actually benefited by #demonetization its Commonman or PayTM ";"1"
"7";"Retaining all seats of LS &amp; state in #Bypolls by BJP has proved the peoples support on #DeMonetizationNo Support to #Mamata &amp; #KejriKaJuth";"1"
"7";"At this point where should #PayTM focus its marketing #demonetization";"1"
"7";"The #biggest #question on #fb after #demonetization is where did #we first #meet<ed><U00A0><U00BD><ed><U00B8><U0082><ed><U00A0><U00BD><ed><U00B8><U0082><ed><U00A0><U00BD><ed><U00B8><U0082><ed><U00A0><U00BD><ed><U00B8><U0082><ed><U00A0><U00BD><ed><U00B8><U";"1"
"7";"Retaining all seats of LS and state in Byelection by BJP has proved the peoples support on #DeMonetization It should be above politics";"1"
"7";"RT @ippatel: Retaining all seats of LS and state in Byelection by BJP has proved the peoples support on #DeMonetization It should be abov¸æçì†º";"110"
"7";"RT @DrGPradhan: 8This tweet of @minimathur BIBI explains why she is having a prob with #demonetization In first part she says she cant¸æçì†º";"71"
"7";"RT @JaiveerShergill: Its turning out to be a Winter of Discontent thanks to the #demonetization scheme &amp; #BJP everyday spraying cold blastÖ";"18"
"7";"8This tweet of @minimathur BIBI explains why she is having a prob with #demonetization In first part she says s¸æçì†º https:tcoXhSMMqnemQ";"1"
"7";"RT<U25CF>DrGPradhan<U25CF>8This tweet of minimathur BIBI explains why she is having a prob with #demonetization In first p¸æçì†º https:tcoiUEGK73nTX";"1"
"8";"RT @DrKumarVishwas: And the Oscar goes to Mr<U092D><U093E><U0935><U0941><U0915> <ed><U00A0><U00BD><ed><U00B8><U00A9><ed><U00A0><U00BD><ed><U00B8><U00A5><ed><U00A0><U00BD><ed><U00B8><U00A2><ed><U00A0><U00BD><ed><U00B8><U00AD>#demonetization https:tcoObQrhl";"350"
"8";"And the Oscar goes to Mr<U092D><U093E><U0935><U0941><U0915> <ed><U00A0><U00BD><ed><U00B8><U00A9><ed><U00A0><U00BD><ed><U00B8><U00A5><ed><U00A0><U00BD><ed><U00B8><U00A2><ed><U00A0><U00BD><ed><U00B8><U00AD>#demonetization https:tcoRzJsVGxUSc";"1"
"8";"RT @InfoAboutSunny: And the Oscar goes to Mr<U092D><U093E><U0935><U0941><U0915> <ed><U00A0><U00BD><ed><U00B8><U00A9><ed><U00A0><U00BD><ed><U00B8><U00A5><ed><U00A0><U00BD><ed><U00B8><U00A2><ed><U00A0><U00BD><ed><U00B8><U00AD>#demonetization https:tcoGuTynO";"1"
"8";"Retweeted Dr Kumar Vishvas @DrKumarVishwas:And the Oscar goes to Mr<U092D><U093E><U0935><U0941><U0915> <ed><U00A0><U00BD><ed><U00B8><U00A9><ed><U00A0><U00BD><ed><U00B8><U00A5><ed><U00A0><U00BD><ed><U00B8><U00A2><ed><U00A0><U00BD><ed><U00B8><U00AD>#demonet";"1"
