"","Cluster_no","Tweet_ID","Created","User_name","Retweet_count","Dominance","Original_User"
"12722",12,27,"23-11-2016 18:32","mrx565",20,0,"kapil_kausik"
"12723",12,29,"23-11-2016 18:32","PontiFukEx",20,NA,"kapil_kausik"
"12724",12,37,"23-11-2016 18:27","kvQuote",20,NA,"kapil_kausik"
"12725",12,55,"23-11-2016 18:23","ceradevcera",20,0,"kapil_kausik"
"12726",12,97,"23-11-2016 18:10","AnakhaRavindran",20,NA,"kapil_kausik"
"12727",12,112,"23-11-2016 18:09","itsmeroshan2121",20,0,"kapil_kausik"
"12728",12,119,"23-11-2016 18:08","indianmonk1",20,0,"kapil_kausik"
"12729",12,278,"23-11-2016 17:35","MayTkt",20,NA,"kapil_kausik"
"12730",12,292,"23-11-2016 17:32","alokbehera",20,0,"kapil_kausik"
"12731",12,304,"23-11-2016 17:30","RaghuramanMenon",20,NA,"kapil_kausik"
"12732",12,324,"23-11-2016 17:25","hkgupta16",20,0,"kapil_kausik"
"12733",12,341,"23-11-2016 17:23","PZavar",20,NA,"kapil_kausik"
"12734",12,350,"23-11-2016 17:20","SupportRSS",20,NA,"kapil_kausik"
"12735",12,358,"23-11-2016 17:18","BJPJajuShyam",20,NA,"kapil_kausik"
"12736",12,363,"23-11-2016 17:17","zGovinda",20,NA,"kapil_kausik"
"12737",12,374,"23-11-2016 17:16","ramdsharma",20,0,"kapil_kausik"
"12738",12,375,"23-11-2016 17:15","SamWit_Wicky",20,NA,"kapil_kausik"
"12739",12,378,"23-11-2016 17:15","kapil_kausik",20,3.40225636673467,"kapil_kausik"
"12740",12,644,"23-11-2016 16:25","OnkarShrivastav",53,NA,"myvotetoday"
"12741",12,662,"23-11-2016 16:22","thapateros",16,0,"myvotetoday"
"12742",12,771,"23-11-2016 16:04","pri1us",38,0,"jackerhack"
"12743",12,1146,"23-11-2016 14:41","MarathaBaan",23,NA,"myvotetoday"
"12744",12,1154,"23-11-2016 14:40","MarathaBaan",53,NA,"myvotetoday"
"12745",12,1247,"23-11-2016 14:17","devn29",105,0,"kanimozhi"
"12746",12,1249,"23-11-2016 14:17","advocatearun82",105,0,"kanimozhi"
"12747",12,1251,"23-11-2016 14:17","kanimozhi",105,5.83991743138452,"kanimozhi"
"12748",12,1343,"23-11-2016 13:57","gulshanzaadu",16,0,"myvotetoday"
"12749",12,1346,"23-11-2016 13:56","gulshanzaadu",23,0,"myvotetoday"
"12750",12,1547,"23-11-2016 13:11","RamMandirBanega",105,NA,"kanimozhi"
"12751",12,1679,"23-11-2016 12:34","murthy_sowjanya",13,0,"ShefVaidya"
"12752",12,1706,"23-11-2016 12:28","MkMukeshmook",13,NA,"ShefVaidya"
"12753",12,1885,"23-11-2016 11:50","akhila_menon",0,0,"akhila_menon"
"12754",12,1952,"23-11-2016 11:38","palliravi",16,0,"myvotetoday"
"12755",12,1970,"23-11-2016 11:34","sundarraajann",13,0,"ShefVaidya"
"12756",12,2091,"23-11-2016 11:10","kash_1857",53,0,"myvotetoday"
"12757",12,2140,"23-11-2016 11:00","vaibhavg10",13,0,"ShefVaidya"
"12758",12,2173,"23-11-2016 10:54","SSP79",13,NA,"ShefVaidya"
"12759",12,2175,"23-11-2016 10:53","mahyu211",13,0,"ShefVaidya"
"12760",12,2190,"23-11-2016 10:49","ashujoshi27",13,2.14536341484269,"ShefVaidya"
"12761",12,2205,"23-11-2016 10:46","1karnareddy",13,0,"ShefVaidya"
"12762",12,2207,"23-11-2016 10:46","shenoy70",13,0,"ShefVaidya"
"12763",12,2208,"23-11-2016 10:45","ShefVaidya",13,4.34566815863338,"ShefVaidya"
"12764",12,2250,"23-11-2016 10:33","shabda",38,0,"jackerhack"
"12765",12,2273,"23-11-2016 10:27","rvidhya19",42,0,"MinIT_Telangana"
"12766",12,2384,"23-11-2016 10:07","kingslyj",38,0,"jackerhack"
"12767",12,2385,"23-11-2016 10:07","anandology",38,0,"jackerhack"
"12768",12,3021,"23-11-2016 08:40","t_sashidhar",42,0,"MinIT_Telangana"
"12769",12,3399,"23-11-2016 07:51","PRAKASH_JOSHI01",45,NA,"barbarindian"
"12770",12,3595,"23-11-2016 07:24","Kirak_Admi",42,NA,"MinIT_Telangana"
"12771",12,3812,"23-11-2016 06:52","BunuBruno",105,NA,"kanimozhi"
"12772",12,3921,"23-11-2016 06:36","varibar02_dr",105,0,"kanimozhi"
"12773",12,3994,"23-11-2016 06:29","sarvadaman1",105,0,"kanimozhi"
"12774",12,4022,"23-11-2016 06:27","sampadscales",105,0,"kanimozhi"
"12775",12,4039,"23-11-2016 06:26","sobandevarajan",105,0,"kanimozhi"
"12776",12,4070,"23-11-2016 06:24","KRIRIS3322",105,NA,"kanimozhi"
"12777",12,4074,"23-11-2016 06:24","jsy111777",105,0,"kanimozhi"
"12778",12,4077,"23-11-2016 06:24","SurinderSeth",105,NA,"kanimozhi"
"12779",12,4078,"23-11-2016 06:24","Sharadk40756002",105,NA,"kanimozhi"
"12780",12,4104,"23-11-2016 06:22","hamsadwani23",105,0,"kanimozhi"
"12781",12,4119,"23-11-2016 06:20","ShankerPutra",105,NA,"kanimozhi"
"12782",12,4124,"23-11-2016 06:20","HinduRajyam",105,NA,"kanimozhi"
"12783",12,4138,"23-11-2016 06:18","saikatd",38,0,"jackerhack"
"12784",12,4180,"23-11-2016 06:13","DurgamSireesh",42,NA,"MinIT_Telangana"
"12785",12,4351,"23-11-2016 05:59","nilenso",38,0,"jackerhack"
"12786",12,4557,"23-11-2016 05:03","jignesh_butani",105,0,"kanimozhi"
"12787",12,4575,"23-11-2016 04:56","TweetendraWagh",23,NA,"myvotetoday"
"12788",12,4646,"23-11-2016 04:39","JpackJack",45,NA,"barbarindian"
"12789",12,4674,"23-11-2016 04:34","vinodpokalwar",42,0,"MinIT_Telangana"
"12790",12,4704,"23-11-2016 04:23","dvkrajju",105,0,"kanimozhi"
"12791",12,4742,"23-11-2016 04:08","yogeshgundale",42,0,"MinIT_Telangana"
"12792",12,4783,"23-11-2016 03:53","rvp",38,0,"jackerhack"
"12793",12,4798,"23-11-2016 03:45","_Narad",105,0.493168614864794,"kanimozhi"
"12794",12,4833,"23-11-2016 03:33","sarathi61",105,0,"kanimozhi"
"12795",12,4912,"23-11-2016 03:12","Dayanayakm",53,NA,"myvotetoday"
"12796",12,4996,"23-11-2016 02:33","drvikasgupta007",0,0,"drvikasgupta007"
"12797",12,5041,"23-11-2016 02:02","manojtirkey",38,0,"jackerhack"
"12798",12,5054,"23-11-2016 01:57","shuvankr",38,1.50683138513521,"jackerhack"
"12799",12,5057,"23-11-2016 01:56","Memeghnad",38,2.54405500667565,"jackerhack"
"12800",12,5059,"23-11-2016 01:56","Stupidosaur",38,3.39717814637572,"jackerhack"
"12801",12,5068,"23-11-2016 01:52","c0sm0gyral",38,0,"jackerhack"
"12802",12,5082,"23-11-2016 01:45","VidyaranyaKs",105,NA,"kanimozhi"
"12803",12,5241,"22-11-2016 22:53","abid_hussain",38,0,"jackerhack"
"12804",12,5252,"22-11-2016 22:30","faraz5556",105,0,"kanimozhi"
"12805",12,5264,"22-11-2016 22:15","azeez_ahmad",42,0,"MinIT_Telangana"
"12806",12,5294,"22-11-2016 21:37","monk_razr",105,0,"kanimozhi"
"12807",12,5311,"22-11-2016 21:10","im_nitin",38,0,"jackerhack"
"12808",12,5312,"22-11-2016 21:09","Veerkumar6717",105,NA,"kanimozhi"
"12809",12,5317,"22-11-2016 21:06","abdulmuneer",38,0,"jackerhack"
"12810",12,5344,"22-11-2016 20:37","sateesharv",42,0,"MinIT_Telangana"
"12811",12,5371,"22-11-2016 20:19","TrsMuqeetChanda",42,NA,"MinIT_Telangana"
"12812",12,5389,"22-11-2016 20:04","GabbarRaush",105,NA,"kanimozhi"
"12813",12,5420,"22-11-2016 19:41","TelanganaPost1",42,NA,"MinIT_Telangana"
"12814",12,5423,"22-11-2016 19:39","urstrullyfan",42,0,"MinIT_Telangana"
"12815",12,5553,"22-11-2016 18:32","ganesh2k5",105,0,"kanimozhi"
"12816",12,5708,"22-11-2016 17:57","Skedia_gaya",105,NA,"kanimozhi"
"12817",12,5724,"22-11-2016 17:54","MayurKotiya",105,NA,"kanimozhi"
"12818",12,5737,"22-11-2016 17:53","Harish4262",42,NA,"MinIT_Telangana"
"12819",12,5822,"22-11-2016 17:27","mohanrakesh1909",45,0,"barbarindian"
"12820",12,5830,"22-11-2016 17:26","purohit_b",105,0,"kanimozhi"
"12821",12,5845,"22-11-2016 17:22","gnr_rwt",45,0,"barbarindian"
"12822",12,5888,"22-11-2016 17:14","dinipc",45,0,"barbarindian"
"12823",12,6043,"22-11-2016 16:41","sasha557931",45,0,"barbarindian"
"12824",12,6109,"22-11-2016 16:22","ravipatil15167",105,0,"kanimozhi"
"12825",12,6151,"22-11-2016 16:14","bhanuvrat",38,0,"jackerhack"
"12826",12,6181,"22-11-2016 16:10","nilofar31",45,0,"barbarindian"
"12827",12,6221,"22-11-2016 16:01","gsvasan",38,0,"jackerhack"
"12828",12,6223,"22-11-2016 16:01","Bawachi64",105,NA,"kanimozhi"
"12829",12,6280,"22-11-2016 15:48","hellboy300",105,0,"kanimozhi"
"12830",12,6282,"22-11-2016 15:48","narenb26",42,0,"MinIT_Telangana"
"12831",12,6310,"22-11-2016 15:42","HHitesh687",53,NA,"myvotetoday"
"12832",12,6362,"22-11-2016 15:32","kanchankumar",38,0,"jackerhack"
"12833",12,6375,"22-11-2016 15:30","r0h1n",38,0,"jackerhack"
"12834",12,6380,"22-11-2016 15:29","watdehel",45,0,"barbarindian"
"12835",12,6466,"22-11-2016 15:11","abeyjt",105,0,"kanimozhi"
"12836",12,6482,"22-11-2016 15:08","gmkrishna",105,0,"kanimozhi"
"12837",12,6504,"22-11-2016 15:04","RaghuAiyar",45,NA,"barbarindian"
"12838",12,6554,"22-11-2016 14:57","RaghuAiyar",105,NA,"kanimozhi"
"12839",12,6563,"22-11-2016 14:56","monk_razr",45,0,"barbarindian"
"12840",12,6565,"22-11-2016 14:56","Sanjay2114",45,NA,"barbarindian"
"12841",12,6579,"22-11-2016 14:55","debasispatri",105,0,"kanimozhi"
"12842",12,6582,"22-11-2016 14:54","BishwaNathSingh",105,NA,"kanimozhi"
"12843",12,6590,"22-11-2016 14:54","srv_ragam",105,0,"kanimozhi"
"12844",12,6593,"22-11-2016 14:53","MandarSawant184",105,NA,"kanimozhi"
"12845",12,6603,"22-11-2016 14:52","s_navroop",45,0,"barbarindian"
"12846",12,6614,"22-11-2016 14:50","vsdca13",45,0,"barbarindian"
"12847",12,6720,"22-11-2016 14:32","subhash77niul",105,0,"kanimozhi"
"12848",12,6753,"22-11-2016 14:25","Srianuragh",105,NA,"kanimozhi"
"12849",12,6767,"22-11-2016 14:23","Ursbadmahi_325",42,NA,"MinIT_Telangana"
"12850",12,6770,"22-11-2016 14:22","PalomaSharma",45,NA,"barbarindian"
"12851",12,6777,"22-11-2016 14:21","Stupidosaur",45,3.39717814637572,"barbarindian"
"12852",12,6846,"22-11-2016 14:08","92165rahul",105,0,"kanimozhi"
"12853",12,6852,"22-11-2016 14:07","khoslasaksham",0,0,"khoslasaksham"
"12854",12,6882,"22-11-2016 14:01","kishansastry",42,0,"MinIT_Telangana"
"12855",12,6925,"22-11-2016 13:53","aparnasingh1211",105,0,"kanimozhi"
"12856",12,6976,"22-11-2016 13:47","OldSailor",105,NA,"kanimozhi"
"12857",12,6987,"22-11-2016 13:45","vishatigchaudh1",105,0,"kanimozhi"
"12858",12,7023,"22-11-2016 13:40","dineshattresh",45,0,"barbarindian"
"12859",12,7041,"22-11-2016 13:37","RajeevJaiiswal",45,NA,"barbarindian"
"12860",12,7054,"22-11-2016 13:33","laxmisagarnitw",45,0,"barbarindian"
"12861",12,7060,"22-11-2016 13:32","rubusmubu",42,0,"MinIT_Telangana"
"12862",12,7078,"22-11-2016 13:30","SurajRai_",45,NA,"barbarindian"
"12863",12,7080,"22-11-2016 13:30","lovely_Phaaji",45,NA,"barbarindian"
"12864",12,7086,"22-11-2016 13:29","prasad_perla",105,0,"kanimozhi"
"12865",12,7099,"22-11-2016 13:28","kim_etat_bhoho",105,0,"kanimozhi"
"12866",12,7102,"22-11-2016 13:27","balala_ahmed",42,0,"MinIT_Telangana"
"12867",12,7125,"22-11-2016 13:24","RN_BJP",105,NA,"kanimozhi"
"12868",12,7208,"22-11-2016 13:12","ChoudhurySam1",45,NA,"barbarindian"
"12869",12,7215,"22-11-2016 13:09","DamidiReddy",42,NA,"MinIT_Telangana"
"12870",12,7221,"22-11-2016 13:08","FakeAvatar67",105,NA,"kanimozhi"
"12871",12,7223,"22-11-2016 13:08","vel_jaya",105,0,"kanimozhi"
"12872",12,7224,"22-11-2016 13:08","VishalDadlani",45,NA,"barbarindian"
"12873",12,7228,"22-11-2016 13:07","GangaAloori",42,NA,"MinIT_Telangana"
"12874",12,7239,"22-11-2016 13:04","BansaNirmal",105,NA,"kanimozhi"
"12875",12,7253,"22-11-2016 13:02","Mohan_A7",42,NA,"MinIT_Telangana"
"12876",12,7267,"22-11-2016 13:01","ManyaPande",105,NA,"kanimozhi"
"12877",12,7283,"22-11-2016 12:58","The_Pkc",45,NA,"barbarindian"
"12878",12,7293,"22-11-2016 12:55","shrutimurugan",42,0,"MinIT_Telangana"
"12879",12,7294,"22-11-2016 12:55","arjunnallula",42,0,"MinIT_Telangana"
"12880",12,7295,"22-11-2016 12:55","pranay2492",42,0,"MinIT_Telangana"
"12881",12,7304,"22-11-2016 12:54","27amit",45,0,"barbarindian"
"12882",12,7324,"22-11-2016 12:49","NanditaSoibam",45,NA,"barbarindian"
"12883",12,7328,"22-11-2016 12:48","iamsmithaa",45,1.54716796084619,"barbarindian"
"12884",12,7332,"22-11-2016 12:48","harsha_raghu",45,0,"barbarindian"
"12885",12,7358,"22-11-2016 12:43","vinaleekha1",45,0,"barbarindian"
"12886",12,7362,"22-11-2016 12:42","Bharath_B2",45,NA,"barbarindian"
"12887",12,7365,"22-11-2016 12:42","narendranadhj",42,0,"MinIT_Telangana"
"12888",12,7374,"22-11-2016 12:40","mokrish",45,0,"barbarindian"
"12889",12,7387,"22-11-2016 12:37","LodhAmar",45,NA,"barbarindian"
"12890",12,7395,"22-11-2016 12:36","SwarajEkSankalp",45,NA,"barbarindian"
"12891",12,7406,"22-11-2016 12:34","gagandeepbisht",42,0,"MinIT_Telangana"
"12892",12,7417,"22-11-2016 12:33","Afzza_00",45,NA,"barbarindian"
"12893",12,7428,"22-11-2016 12:32","vm54733",42,0,"MinIT_Telangana"
"12894",12,7430,"22-11-2016 12:32","i_anilkumar",42,0,"MinIT_Telangana"
"12895",12,7433,"22-11-2016 12:31","JawedTweets",42,NA,"MinIT_Telangana"
"12896",12,7438,"22-11-2016 12:30","SarcasticSaint",38,NA,"jackerhack"
"12897",12,7440,"22-11-2016 12:30","theAR_speaks",42,NA,"MinIT_Telangana"
"12898",12,7454,"22-11-2016 12:27","Jugnort",45,NA,"barbarindian"
"12899",12,7455,"22-11-2016 12:27","nroshu",42,0,"MinIT_Telangana"
"12900",12,7456,"22-11-2016 12:27","rohit4aap",42,0,"MinIT_Telangana"
"12901",12,7463,"22-11-2016 12:26","NeerajGoyal8",45,NA,"barbarindian"
"12902",12,7466,"22-11-2016 12:26","harrypande",42,0,"MinIT_Telangana"
"12903",12,7470,"22-11-2016 12:25","madanmohanakut1",42,0,"MinIT_Telangana"
"12904",12,7476,"22-11-2016 12:25","vijaymohanrao27",42,0,"MinIT_Telangana"
"12905",12,7480,"22-11-2016 12:24","jagankris",45,0,"barbarindian"
"12906",12,7483,"22-11-2016 12:24","seetharamakota1",45,0,"barbarindian"
"12907",12,7485,"22-11-2016 12:23","ahindu_",45,0,"barbarindian"
"12908",12,7488,"22-11-2016 12:23","ganeshchetan",45,0,"barbarindian"
"12909",12,7489,"22-11-2016 12:23","SquareGas",45,0.133566024300068,"barbarindian"
"12910",12,7490,"22-11-2016 12:23","Vidyut",45,3.01073308420072,"barbarindian"
"12911",12,7491,"22-11-2016 12:22","s_inttam",45,0,"barbarindian"
"12912",12,7492,"22-11-2016 12:22","Hindu_Minority",45,NA,"barbarindian"
"12913",12,7497,"22-11-2016 12:22","barbarindian",45,4.41586784821315,"barbarindian"
"12914",12,7518,"22-11-2016 12:19","BJPJajuShyam",105,NA,"kanimozhi"
"12915",12,7522,"22-11-2016 12:18","hanmireddy",42,0,"MinIT_Telangana"
"12916",12,7523,"22-11-2016 12:18","drtanmaysahu",105,0,"kanimozhi"
"12917",12,7539,"22-11-2016 12:16","HydBytes",0,NA,"HydBytes"
"12918",12,7571,"22-11-2016 12:09","jaganreddy85",0,0,"jaganreddy85"
"12919",12,7577,"22-11-2016 12:08","Rajeshk63786788",105,NA,"kanimozhi"
"12920",12,7584,"22-11-2016 12:07","tame_wildcard",38,0,"jackerhack"
"12921",12,7598,"22-11-2016 12:05","xtraterestrail",42,0,"MinIT_Telangana"
"12922",12,7607,"22-11-2016 12:04","raja1260",105,0,"kanimozhi"
"12923",12,7633,"22-11-2016 12:01","telanganafacts",0,0,"inIT_Telangan"
"12924",12,7640,"22-11-2016 12:00","VijayBabuMuvva",42,NA,"MinIT_Telangana"
"12925",12,7660,"22-11-2016 12:00","ahmedhussainn1",42,0,"MinIT_Telangana"
"12926",12,7667,"22-11-2016 11:59","wannabepoet1",105,0,"kanimozhi"
"12927",12,7672,"22-11-2016 11:58","Puttarajksk",105,NA,"kanimozhi"
"12928",12,7673,"22-11-2016 11:58","bsudamalla",42,0,"MinIT_Telangana"
"12929",12,7676,"22-11-2016 11:58","ErekarMahesh",42,NA,"MinIT_Telangana"
"12930",12,7677,"22-11-2016 11:57","MinIT_Telangana",42,4.72484796916694,"MinIT_Telangana"
"12931",12,7680,"22-11-2016 11:56","kasana_sahab",105,0,"kanimozhi"
"12932",12,7691,"22-11-2016 11:55","internetfreedom",38,0,"jackerhack"
"12933",12,7695,"22-11-2016 11:54","mannu69kumar",105,0,"kanimozhi"
"12934",12,7698,"22-11-2016 11:53","Mamtatripathi03",105,NA,"kanimozhi"
"12935",12,7704,"22-11-2016 11:52","Bhakta_Pattnaik",105,NA,"kanimozhi"
"12936",12,7731,"22-11-2016 11:48","sandysh2311",105,0,"kanimozhi"
"12937",12,7739,"22-11-2016 11:47","prashan20943955",105,0,"kanimozhi"
"12938",12,7740,"22-11-2016 11:47","pavanyadav797",105,0,"kanimozhi"
"12939",12,7748,"22-11-2016 11:45","arthanareeswar6",105,0,"kanimozhi"
"12940",12,7770,"22-11-2016 11:39","zGovinda",105,NA,"kanimozhi"
"12941",12,7774,"22-11-2016 11:39","Abhishek_Rai",38,NA,"jackerhack"
"12942",12,7797,"22-11-2016 11:34","krisnair",38,0,"jackerhack"
"12943",12,7827,"22-11-2016 11:26","komalavalli23",105,0,"kanimozhi"
"12944",12,7846,"22-11-2016 11:22","TolerantDesii",105,NA,"kanimozhi"
"12945",12,7857,"22-11-2016 11:19","Satchitanand190",105,NA,"kanimozhi"
"12946",12,7897,"22-11-2016 11:13","yasserkhan",38,0,"jackerhack"
"12947",12,7912,"22-11-2016 11:10","JD_Bosssss",105,NA,"kanimozhi"
"12948",12,7924,"22-11-2016 11:08","Pratap061061",105,NA,"kanimozhi"
"12949",12,7936,"22-11-2016 11:06","GujjuVimo",105,NA,"kanimozhi"
"12950",12,7966,"22-11-2016 11:01","Sodeep_Maan",105,NA,"kanimozhi"
"12951",12,7979,"22-11-2016 11:00","Lohana1983",105,NA,"kanimozhi"
"12952",12,7984,"22-11-2016 10:59","shaishiara",105,0,"kanimozhi"
"12953",12,7986,"22-11-2016 10:59","vjdhama",38,0,"jackerhack"
"12954",12,7993,"22-11-2016 10:58","ghoseb",38,0,"jackerhack"
"12955",12,9368,"19-04-2017 03:54","IntolerantIshi",0,NA,"IntolerantIshi"
"12956",12,9370,"19-04-2017 03:44","gauraveenu",3,0,"Phronesis_inc"
"12957",12,9416,"19-04-2017 00:58","wailkar_nandu",54,0,"mahcongress"
"12958",12,10142,"17-04-2017 17:07","arorahimanshu83",3,0,"Phronesis_inc"
"12959",12,10145,"17-04-2017 16:56","Phronesis_inc",3,1.50683138513521,"Phronesis_inc"
"12960",12,10282,"17-04-2017 12:03","advocateddgupt1",60,0,"mkatju"
"12961",12,10451,"17-04-2017 07:36","AnkitSa44603749",107,NA,"WithCongress"
"12962",12,10753,"16-04-2017 20:21","lawragahsaka",0,0,"lawragahsaka"
"12963",12,12551,"15-04-2017 18:53","RushabhJD",60,NA,"mkatju"
"12964",12,12574,"15-04-2017 17:27","amitsingh7680",0,0,"amitsingh7680"
"12965",12,12636,"15-04-2017 14:12","JugnuJee",60,NA,"mkatju"
"12966",12,12841,"15-04-2017 03:32","KamalSYsingh",0,NA,"KamalSYsingh"
"12967",12,12842,"15-04-2017 03:31","KamalSYsingh",60,NA,"mkatju"
"12968",12,12914,"14-04-2017 22:49","DrDineshVerma7",60,NA,"mkatju"
"12969",12,12986,"14-04-2017 21:05","SyedAleem_Pasha",60,NA,"mkatju"
"12970",12,13031,"14-04-2017 17:22","gr_sai",38,0,"amazingatheist"
"12971",12,13049,"14-04-2017 16:28","BaazDrame",60,NA,"mkatju"
"12972",12,13098,"14-04-2017 14:42","way2sharif",60,0,"mkatju"
"12973",12,13100,"14-04-2017 14:40","amitkad12",54,0,"mahcongress"
"12974",12,13124,"14-04-2017 13:04","BassGuitarPanda",38,NA,"amazingatheist"
"12975",12,13130,"14-04-2017 12:29","aslam_arp",60,0,"mkatju"
"12976",12,13147,"14-04-2017 11:42","azharahamed",60,0,"mkatju"
"12977",12,13201,"14-04-2017 08:59","akashgoyalbrt",60,0,"mkatju"
"12978",12,13231,"14-04-2017 07:34","Jitu_R",60,NA,"mkatju"
"12979",12,13235,"14-04-2017 07:20","realsingham",60,0,"mkatju"
"12980",12,13252,"14-04-2017 06:39","KLPD_Delhi",60,NA,"mkatju"
"12981",12,13257,"14-04-2017 06:36","kpsingh1966",60,0,"mkatju"
"12982",12,13271,"14-04-2017 06:08","KPRanjithtalap",60,NA,"mkatju"
"12983",12,13278,"14-04-2017 05:53","_ajeett",60,0,"mkatju"
"12984",12,13292,"14-04-2017 04:46","rajivchn",60,0,"mkatju"
"12985",12,13314,"14-04-2017 03:23","tara_views",60,0,"mkatju"
"12986",12,13316,"14-04-2017 03:21","007_ammy",60,0,"mkatju"
"12987",12,13325,"14-04-2017 03:08","Abbaschatriwala",60,NA,"mkatju"
"12988",12,13333,"14-04-2017 03:01","official_anup",60,0,"mkatju"
"12989",12,13335,"14-04-2017 02:57","singhhere11",60,0,"mkatju"
"12990",12,13351,"14-04-2017 02:26","jayant_gohil",60,0,"mkatju"
"12991",12,13353,"14-04-2017 02:25","ehansari",60,0,"mkatju"
"12992",12,13354,"14-04-2017 02:21","robi60",60,0,"mkatju"
"12993",12,13355,"14-04-2017 02:17","P0rnFairy",38,NA,"amazingatheist"
"12994",12,13356,"14-04-2017 02:16","CloudExpertsI",60,NA,"mkatju"
"12995",12,13357,"14-04-2017 02:14","satyenderm",60,0,"mkatju"
"12996",12,13359,"14-04-2017 02:12","rustymarine",106,0,"attomeybharti"
"12997",12,13360,"14-04-2017 02:08","k_durge",60,0,"mkatju"
"12998",12,13361,"14-04-2017 02:01","KrishnalalSBP",60,NA,"mkatju"
"12999",12,13362,"14-04-2017 01:55","udit437",60,0,"mkatju"
"13000",12,13368,"14-04-2017 01:21","anindiansvoice",60,0,"mkatju"
"13001",12,13369,"14-04-2017 01:17","parntheveeran",60,0,"mkatju"
"13002",12,13371,"14-04-2017 01:13","AvinashiSingh",60,NA,"mkatju"
"13003",12,13373,"14-04-2017 00:51","naveedsalahi7",60,0,"mkatju"
"13004",12,13384,"13-04-2017 22:54","viji2957",60,0,"mkatju"
"13005",12,13391,"13-04-2017 22:16","ZubairM62",60,NA,"mkatju"
"13006",12,13394,"13-04-2017 22:05","iRushikesh",60,NA,"mkatju"
"13007",12,13395,"13-04-2017 22:05","LegendofKafei",38,NA,"amazingatheist"
"13008",12,13396,"13-04-2017 21:50","mjalam81",60,0,"mkatju"
"13009",12,13397,"13-04-2017 21:48","sanatanpathak",60,0,"mkatju"
"13010",12,13398,"13-04-2017 21:48","modfarooque",60,0,"mkatju"
"13011",12,13401,"13-04-2017 21:17","SalimMulla20",60,NA,"mkatju"
"13012",12,13402,"13-04-2017 21:16","mtahir30",60,0,"mkatju"
"13013",12,13403,"13-04-2017 21:14","shash_408",60,0,"mkatju"
"13014",12,13404,"13-04-2017 21:12","Chellappanasary",60,NA,"mkatju"
"13015",12,13406,"13-04-2017 21:03","ankithoc",60,0,"mkatju"
"13016",12,13416,"13-04-2017 20:46","DeewanaMastanaa",60,NA,"mkatju"
"13017",12,13418,"13-04-2017 20:45","tweet2el",60,0,"mkatju"
"13018",12,13419,"13-04-2017 20:42","vj_devil007",60,0,"mkatju"
"13019",12,13421,"13-04-2017 20:42","RaviKundurthi",60,NA,"mkatju"
"13020",12,13424,"13-04-2017 20:41","mkatju",60,4.99047287488066,"mkatju"
"13021",12,13449,"13-04-2017 19:45","easy_prism",38,0,"amazingatheist"
"13022",12,13453,"13-04-2017 19:13","TrustingINDIA",106,NA,"attomeybharti"
"13023",12,13474,"13-04-2017 17:39","judd_Sstop",38,NA,"amazingatheist"
"13024",12,13475,"13-04-2017 17:38","TruthPrevail3",54,NA,"mahcongress"
"13025",12,13508,"13-04-2017 16:47","Sinha_Suresh",0,NA,"Sinha_Suresh"
"13026",12,13555,"13-04-2017 15:43","JimHabit44",38,NA,"amazingatheist"
"13027",12,13619,"13-04-2017 14:02","BespeerBrian",38,NA,"amazingatheist"
"13028",12,13637,"13-04-2017 13:31","iceyurifo1iv3",38,0,"amazingatheist"
"13029",12,13639,"13-04-2017 13:25","DrD_473",38,NA,"amazingatheist"
"13030",12,13646,"13-04-2017 13:06","VonWolf27",38,NA,"amazingatheist"
"13031",12,13657,"13-04-2017 12:51","cheffy88",38,0,"amazingatheist"
"13032",12,13677,"13-04-2017 12:07","DrunkenFancy",38,NA,"amazingatheist"
"13033",12,13681,"13-04-2017 11:59","GottaLoveTheHD",38,NA,"amazingatheist"
"13034",12,13712,"13-04-2017 10:27","DanielxXxGarcia",38,NA,"amazingatheist"
"13035",12,13732,"13-04-2017 09:56","Omnipangolin",38,NA,"amazingatheist"
"13036",12,13749,"13-04-2017 09:34","jessemeixsell",38,0,"amazingatheist"
"13037",12,13752,"13-04-2017 09:19","Anubisthelink",38,NA,"amazingatheist"
"13038",12,13790,"13-04-2017 07:38","BoredBohemian",38,NA,"amazingatheist"
"13039",12,13805,"13-04-2017 06:59","secularwaste",38,0,"amazingatheist"
"13040",12,13809,"13-04-2017 06:53","animeknight99",38,0,"amazingatheist"
"13041",12,13831,"13-04-2017 06:22","Reynolds975",38,NA,"amazingatheist"
"13042",12,13840,"13-04-2017 06:14","desiEngnr",106,NA,"attomeybharti"
"13043",12,13851,"13-04-2017 05:54","guitarplayer232",38,0,"amazingatheist"
"13044",12,13869,"13-04-2017 05:17","TheRealUnPop",38,NA,"amazingatheist"
"13045",12,13871,"13-04-2017 05:16","PirateSingh",2,NA,"dna"
"13046",12,13885,"13-04-2017 04:52","srini0851",2,0,"dna"
"13047",12,13886,"13-04-2017 04:48","dna",2,5.41899949942369,"dna"
"13048",12,13897,"13-04-2017 04:42","Yourface5555",38,NA,"amazingatheist"
"13049",12,13901,"13-04-2017 04:32","bcaton2",38,0,"amazingatheist"
"13050",12,13906,"13-04-2017 04:22","JDhankikar",54,NA,"mahcongress"
"13051",12,13912,"13-04-2017 04:16","etheranmagellan",38,0,"amazingatheist"
"13052",12,13915,"13-04-2017 04:14","BurnieJarvis",38,NA,"amazingatheist"
"13053",12,13920,"13-04-2017 04:04","VRevolticon",38,NA,"amazingatheist"
"13054",12,13923,"13-04-2017 04:04","AzurusDracon",38,NA,"amazingatheist"
"13055",12,13928,"13-04-2017 04:01","sueAHside",38,NA,"amazingatheist"
"13056",12,13934,"13-04-2017 03:58","W1Kilo",38,NA,"amazingatheist"
"13057",12,13936,"13-04-2017 03:58","demonseye22",38,0,"amazingatheist"
"13058",12,13937,"13-04-2017 03:57","amazingatheist",38,4.52615815324799,"amazingatheist"
"13059",12,13969,"13-04-2017 03:43","SanjayS62023183",54,NA,"mahcongress"
"13060",12,13992,"13-04-2017 03:30","dna",1,5.41899949942369,"dna"
"13061",12,14005,"13-04-2017 02:54","NewsBossIndia",0,NA,"NewsBossIndia"
"13062",12,14021,"13-04-2017 01:41","AtulMohan2",106,NA,"attomeybharti"
"13063",12,14037,"13-04-2017 00:41","vhampiholi21",106,0,"attomeybharti"
"13064",12,14049,"12-04-2017 22:45","TheAmolPatil",106,NA,"attomeybharti"
"13065",12,14050,"12-04-2017 22:34","SridharKKannam",106,NA,"attomeybharti"
"13066",12,14068,"12-04-2017 20:00","krishanadvani",54,0,"mahcongress"
"13067",12,14069,"12-04-2017 19:59","soumodiptoroyy",0,0,"soumodiptoroyy"
"13068",12,14070,"12-04-2017 19:57","reenaa2017",54,0,"mahcongress"
"13069",12,14071,"12-04-2017 19:53","PIYUSH4BJP",106,NA,"attomeybharti"
"13070",12,14073,"12-04-2017 19:46","Braveindianmax",54,NA,"mahcongress"
"13071",12,14076,"12-04-2017 19:14","Sakshii82",54,NA,"mahcongress"
"13072",12,14079,"12-04-2017 19:08","Raashibg",54,NA,"mahcongress"
"13073",12,14080,"12-04-2017 19:05","Madhukar2117",54,NA,"mahcongress"
"13074",12,14082,"12-04-2017 19:02","BabanGaikwad12",54,NA,"mahcongress"
"13075",12,14084,"12-04-2017 18:59","BaBaKiGuFaa",106,NA,"attomeybharti"
"13076",12,14085,"12-04-2017 18:59","126Sudhir",54,NA,"mahcongress"
"13077",12,14086,"12-04-2017 18:59","akraman65942826",54,0,"mahcongress"
"13078",12,14088,"12-04-2017 18:54","Marvin1270",54,NA,"mahcongress"
"13079",12,14091,"12-04-2017 18:51","bccmalkapur1",54,0,"mahcongress"
"13080",12,14092,"12-04-2017 18:51","naiktulshiram",54,0,"mahcongress"
"13081",12,14104,"12-04-2017 18:23","sunnyps11",54,0,"mahcongress"
"13082",12,14107,"12-04-2017 18:19","126_sonu",54,0,"mahcongress"
"13083",12,14119,"12-04-2017 17:35","srividya23",106,0,"attomeybharti"
"13084",12,14131,"12-04-2017 17:00","TheSaneMind",106,NA,"attomeybharti"
"13085",12,14134,"12-04-2017 16:55","mumukshu87",106,0,"attomeybharti"
"13086",12,14137,"12-04-2017 16:54","AAPKeGopalRai",106,NA,"attomeybharti"
"13087",12,14141,"12-04-2017 16:52","amit3948",106,0,"attomeybharti"
"13088",12,14223,"12-04-2017 16:05","vinay_khamkar",54,0,"mahcongress"
"13089",12,14232,"12-04-2017 16:00","ViewsSpade",106,NA,"attomeybharti"
"13090",12,14236,"12-04-2017 15:45","Kramu56",106,NA,"attomeybharti"
"13091",12,14240,"12-04-2017 15:34","sush029",54,0,"mahcongress"
"13092",12,14241,"12-04-2017 15:31","BerryMiraculous",106,NA,"attomeybharti"
"13093",12,14247,"12-04-2017 15:21","dipa2017",54,0,"mahcongress"
"13094",12,14248,"12-04-2017 15:20","sweety20161",54,0,"mahcongress"
"13095",12,14249,"12-04-2017 15:18","Gaanga2016",54,NA,"mahcongress"
"13096",12,14269,"12-04-2017 14:47","AutisticAries",106,NA,"attomeybharti"
"13097",12,14270,"12-04-2017 14:45","Pankaj_Congress",54,NA,"mahcongress"
"13098",12,14274,"12-04-2017 14:43","digantaapcc",54,0,"mahcongress"
"13099",12,14278,"12-04-2017 14:27","Shuddhadesi",106,NA,"attomeybharti"
"13100",12,14282,"12-04-2017 14:23","vierendra",54,0,"mahcongress"
"13101",12,14291,"12-04-2017 14:01","bpramodg3",54,0,"mahcongress"
"13102",12,14292,"12-04-2017 13:54","bhupender1956",54,0,"mahcongress"
"13103",12,14293,"12-04-2017 13:53","sonianair9",54,0,"mahcongress"
"13104",12,14294,"12-04-2017 13:53","MRO_Products",54,NA,"mahcongress"
"13105",12,14295,"12-04-2017 13:52","knima766",54,0,"mahcongress"
"13106",12,14297,"12-04-2017 13:50","sheetaldesai4",54,0,"mahcongress"
"13107",12,14298,"12-04-2017 13:49","rahul_126",54,0,"mahcongress"
"13108",12,14300,"12-04-2017 13:48","devesh_nikale",54,0,"mahcongress"
"13109",12,14301,"12-04-2017 13:47","ramesh_khilwani",54,0,"mahcongress"
"13110",12,14302,"12-04-2017 13:47","raojyoti789",54,0,"mahcongress"
"13111",12,14303,"12-04-2017 13:45","anandrai280",54,0,"mahcongress"
"13112",12,14305,"12-04-2017 13:45","sunilsakpal6",54,0,"mahcongress"
"13113",12,14306,"12-04-2017 13:44","komalshaha45",54,0,"mahcongress"
"13114",12,14307,"12-04-2017 13:44","poojashale",54,0,"mahcongress"
"13115",12,14308,"12-04-2017 13:43","varmaankit752",54,0,"mahcongress"
"13116",12,14309,"12-04-2017 13:42","MayuriMPCCSM",54,NA,"mahcongress"
"13117",12,14310,"12-04-2017 13:42","truthspeaks99",54,0,"mahcongress"
"13118",12,14314,"12-04-2017 13:38","BhupenderGupta7",54,NA,"mahcongress"
"13119",12,14315,"12-04-2017 13:38","AsutoshAp",54,NA,"mahcongress"
"13120",12,14316,"12-04-2017 13:37","goeltm_tg",54,0,"mahcongress"
"13121",12,14318,"12-04-2017 13:34","Priyanka_NSUI",0,NA,"Priyanka_NSUI"
"13122",12,14319,"12-04-2017 13:32","kjramkunwar",54,0,"mahcongress"
"13123",12,14320,"12-04-2017 13:31","AbdulKadirNSUI",1,NA,"AbdulKadirNSUI"
"13124",12,14322,"12-04-2017 13:29","mahcongress",54,4.94185562349123,"mahcongress"
"13125",12,14328,"12-04-2017 13:24","NagarjunaMCA",106,NA,"attomeybharti"
"13126",12,14340,"12-04-2017 13:07","tanuaditya",106,0,"attomeybharti"
"13127",12,14344,"12-04-2017 13:01","mesarveshmaurya",106,0,"attomeybharti"
"13128",12,14351,"12-04-2017 12:38","Manjeet296",106,NA,"attomeybharti"
"13129",12,14352,"12-04-2017 12:37","ashwinguru",106,0,"attomeybharti"
"13130",12,14364,"12-04-2017 12:17","HRDuva",106,NA,"attomeybharti"
"13131",12,14365,"12-04-2017 12:16","pappu_pedia",106,0,"attomeybharti"
"13132",12,14366,"12-04-2017 12:14","RpG_89",106,NA,"attomeybharti"
"13133",12,14375,"12-04-2017 11:54","Smartminions",106,NA,"attomeybharti"
"13134",12,14379,"12-04-2017 11:39","vasuki_bhujang",106,0,"attomeybharti"
"13135",12,14387,"12-04-2017 11:23","chakmakmeaag",106,0,"attomeybharti"
"13136",12,14399,"12-04-2017 10:55","DharmikShah10",106,NA,"attomeybharti"
"13137",12,14400,"12-04-2017 10:54","SamDarkInvader",106,NA,"attomeybharti"
"13138",12,14421,"12-04-2017 10:06","ParthPa07241800",106,NA,"attomeybharti"
"13139",12,14422,"12-04-2017 10:05","nehaapriyaa",106,0,"attomeybharti"
"13140",12,14429,"12-04-2017 09:43","SamarjeetMitra",106,NA,"attomeybharti"
"13141",12,14442,"12-04-2017 09:24","indomitablesoul",106,0,"attomeybharti"
"13142",12,14447,"12-04-2017 09:17","chkoushik2",106,0,"attomeybharti"
"13143",12,14468,"12-04-2017 08:43","navaltiger",106,0,"attomeybharti"
"13144",12,14472,"12-04-2017 08:38","sarangpitale",106,0,"attomeybharti"
"13145",12,14474,"12-04-2017 08:36","pragz_GameFreak",106,NA,"attomeybharti"
"13146",12,14478,"12-04-2017 08:32","pratiksav",106,0,"attomeybharti"
"13147",12,14484,"12-04-2017 08:29","Munish19692003",106,NA,"attomeybharti"
"13148",12,14491,"12-04-2017 08:22","maverikbrowbeat",106,0,"attomeybharti"
"13149",12,14493,"12-04-2017 08:19","Stilllearning82",106,NA,"attomeybharti"
"13150",12,14501,"12-04-2017 08:08","SpChethansp",106,NA,"attomeybharti"
"13151",12,14502,"12-04-2017 08:07","namo007royal",106,0,"attomeybharti"
"13152",12,14510,"12-04-2017 07:46","Talk2Vin0d",106,NA,"attomeybharti"
"13153",12,14515,"12-04-2017 07:40","DhawalPatel5",106,NA,"attomeybharti"
"13154",12,14519,"12-04-2017 07:34","TheDrunknight",106,NA,"attomeybharti"
"13155",12,14521,"12-04-2017 07:32","arkayvi",106,0,"attomeybharti"
"13156",12,14523,"12-04-2017 07:31","ImKBayar",106,NA,"attomeybharti"
"13157",12,14528,"12-04-2017 07:27","Infinite_echoes",106,NA,"attomeybharti"
"13158",12,14529,"12-04-2017 07:27","vipul09",106,0,"attomeybharti"
"13159",12,14530,"12-04-2017 07:26","aryaalok",106,0,"attomeybharti"
"13160",12,14534,"12-04-2017 07:24","arpitsizzle",106,0,"attomeybharti"
"13161",12,14539,"12-04-2017 07:21","mohapatrasachi1",106,0,"attomeybharti"
"13162",12,14544,"12-04-2017 07:20","darshan_rs",106,0,"attomeybharti"
"13163",12,14545,"12-04-2017 07:19","SrikarKoushik",106,NA,"attomeybharti"
"13164",12,14551,"12-04-2017 07:17","skshubhang",106,0,"attomeybharti"
"13165",12,14558,"12-04-2017 07:16","WittyParag",106,NA,"attomeybharti"
"13166",12,14561,"12-04-2017 07:15","AnxJain",106,NA,"attomeybharti"
"13167",12,14567,"12-04-2017 07:07","Olestoepoke",106,NA,"attomeybharti"
"13168",12,14568,"12-04-2017 07:06","Anilmolkere19k",106,NA,"attomeybharti"
"13169",12,14569,"12-04-2017 07:04","golgappewala",106,0,"attomeybharti"
"13170",12,14570,"12-04-2017 07:03","ShivaniBabu",106,NA,"attomeybharti"
"13171",12,14571,"12-04-2017 07:00","iRonakGupta",106,NA,"attomeybharti"
"13172",12,14572,"12-04-2017 07:00","vinayak1002a",106,0,"attomeybharti"
"13173",12,14573,"12-04-2017 06:59","HulkingMS",106,NA,"attomeybharti"
"13174",12,14574,"12-04-2017 06:59","c_venkat",106,0,"attomeybharti"
"13175",12,14575,"12-04-2017 06:59","GujjuBlackadder",106,NA,"attomeybharti"
"13176",12,14583,"12-04-2017 06:51","TimelessSteel",106,NA,"attomeybharti"
"13177",12,14587,"12-04-2017 06:43","ultapultanikhil",106,0,"attomeybharti"
"13178",12,14588,"12-04-2017 06:43","AIOISOIA",106,NA,"attomeybharti"
"13179",12,14590,"12-04-2017 06:40","rkgeemail",106,0,"attomeybharti"
"13180",12,14591,"12-04-2017 06:39","bvijayrao",106,0,"attomeybharti"
"13181",12,14595,"12-04-2017 06:35","RTsWala",106,NA,"attomeybharti"
"13182",12,14598,"12-04-2017 06:31","Nishith1608",106,NA,"attomeybharti"
"13183",12,14600,"12-04-2017 06:30","ModiNaama",106,NA,"attomeybharti"
"13184",12,14601,"12-04-2017 06:28","pankajsharma153",106,0,"attomeybharti"
"13185",12,14602,"12-04-2017 06:25","medhparth",106,0,"attomeybharti"
"13186",12,14605,"12-04-2017 06:23","kapilsadhale",106,0,"attomeybharti"
"13187",12,14606,"12-04-2017 06:22","Vighrane01",106,NA,"attomeybharti"
"13188",12,14607,"12-04-2017 06:22","muraliks_11",106,0,"attomeybharti"
"13189",12,14608,"12-04-2017 06:22","Fuckerox",106,NA,"attomeybharti"
"13190",12,14609,"12-04-2017 06:21","rahul1521993",106,0,"attomeybharti"
"13191",12,14611,"12-04-2017 06:20","Krrisshna",106,NA,"attomeybharti"
"13192",12,14612,"12-04-2017 06:20","arunmcops",106,0,"attomeybharti"
"13193",12,14613,"12-04-2017 06:20","fireboltt",106,0,"attomeybharti"
"13194",12,14614,"12-04-2017 06:19","Jha_Vishal1988",106,NA,"attomeybharti"
"13195",12,14615,"12-04-2017 06:18","jihadilove",106,0,"attomeybharti"
"13196",12,14616,"12-04-2017 06:17","EnggJourno",106,NA,"attomeybharti"
"13197",12,14617,"12-04-2017 06:17","vidyutdr",106,0,"attomeybharti"
"13198",12,14619,"12-04-2017 06:16","AjEeTj_20",106,NA,"attomeybharti"
"13199",12,14620,"12-04-2017 06:16","Ithrahim",106,NA,"attomeybharti"
"13200",12,14621,"12-04-2017 06:16","KavitaNF",106,NA,"attomeybharti"
"13201",12,14624,"12-04-2017 06:16","futbolgowtham",106,0,"attomeybharti"
"13202",12,14625,"12-04-2017 06:15","purushottam_kr",106,0,"attomeybharti"
"13203",12,14626,"12-04-2017 06:15","DhirajRathod03",106,NA,"attomeybharti"
"13204",12,14627,"12-04-2017 06:14","supreeth28",106,0,"attomeybharti"
"13205",12,14629,"12-04-2017 06:13","coolfunnytshirt",106,2.00561596382656,"attomeybharti"
"13206",12,14630,"12-04-2017 06:13","vivekgangishett",106,0,"attomeybharti"
"13207",12,14631,"12-04-2017 06:12","attomeybharti",106,5.66613875269093,"attomeybharti"
"13208",12,14675,"12-04-2017 05:03","KhotChaitanya",0,NA,"KhotChaitanya"
